# TERRAIN-DERIVED PROXY (HAND<5.0 m, channel>=5.0 km2) NOT observed flooding. ref_flood = >=50% of native cells in block
row,col,hand_frac_lt5,hand_frac_lt10,hand_min_m,ref_flood
0,0,0.000,0.000,10.00,0
0,1,0.361,0.750,0.00,0
0,2,0.278,1.000,0.00,0
0,3,0.778,0.972,0.00,1
0,4,0.667,0.833,0.00,1
0,5,0.306,0.556,0.00,0
0,6,0.000,0.972,5.00,0
0,7,0.083,0.528,3.00,0
0,8,0.167,0.556,3.00,0
0,9,0.222,0.417,0.00,0
0,10,0.111,0.361,0.00,0
0,11,0.000,0.000,19.00,0
0,12,0.000,0.000,19.00,0
0,13,0.083,0.083,0.00,0
0,14,0.000,0.083,7.00,0
0,15,0.222,0.500,0.00,0
0,16,0.361,0.500,0.00,0
0,17,0.222,0.417,0.00,0
0,18,0.028,0.083,0.00,0
0,19,0.000,0.000,22.00,0
0,20,0.083,0.083,0.00,0
0,21,0.000,0.000,26.00,0
0,22,0.000,0.000,30.00,0
0,23,0.000,0.000,28.00,0
0,24,0.000,0.000,21.00,0
0,25,0.000,0.000,21.00,0
0,26,0.222,0.222,0.00,0
0,27,0.000,0.000,17.00,0
0,28,0.000,0.000,17.00,0
0,29,0.000,0.000,20.00,0
0,30,0.194,0.389,0.00,0
1,0,0.000,0.000,35.00,0
1,1,0.000,0.222,5.00,0
1,2,0.056,0.583,4.00,0
1,3,0.278,0.778,3.00,0
1,4,0.194,0.278,3.00,0
1,5,0.000,0.000,12.00,0
1,6,0.167,0.583,2.00,0
1,7,0.861,1.000,1.00,1
1,8,0.944,1.000,1.00,1
1,9,0.167,0.694,4.00,0
1,10,0.000,0.000,13.00,0
1,11,0.000,0.000,14.00,0
1,12,0.000,0.000,12.00,0
1,13,0.000,0.000,14.00,0
1,14,0.000,0.000,19.00,0
1,15,0.000,0.000,13.00,0
1,16,0.056,0.583,5.00,0
1,17,0.000,0.500,6.00,0
1,18,0.000,0.000,13.00,0
1,19,0.000,0.000,18.00,0
1,20,0.000,0.000,16.00,0
1,21,0.000,0.000,20.00,0
1,22,0.000,0.000,28.00,0
1,23,0.000,0.000,23.00,0
1,24,0.000,0.000,24.00,0
1,25,0.000,0.000,22.00,0
1,26,0.000,0.000,19.00,0
1,27,0.000,0.000,12.00,0
1,28,0.000,0.000,12.00,0
1,29,0.000,0.000,11.00,0
1,30,0.361,0.472,0.00,0
2,0,0.000,0.000,32.00,0
2,1,0.000,0.000,31.00,0
2,2,0.000,0.000,16.00,0
2,3,0.000,0.000,16.00,0
2,4,0.000,0.000,14.00,0
2,5,0.000,0.000,10.00,0
2,6,0.000,0.250,7.00,0
2,7,0.056,0.972,3.00,0
2,8,0.778,1.000,0.00,1
2,9,0.833,1.000,0.00,1
2,10,0.389,0.750,0.00,0
2,11,0.000,0.361,6.00,0
2,12,0.000,0.472,7.00,0
2,13,0.000,0.000,12.00,0
2,14,0.000,0.000,30.00,0
2,15,0.000,0.000,25.00,0
2,16,0.194,0.528,5.00,0
2,17,0.250,0.833,5.00,0
2,18,0.000,0.194,7.00,0
2,19,0.000,0.028,9.00,0
2,20,0.000,0.000,13.00,0
2,21,0.000,0.000,16.00,0
2,22,0.000,0.000,21.00,0
2,23,0.000,0.000,17.00,0
2,24,0.000,0.000,14.00,0
2,25,0.000,0.083,6.00,0
2,26,0.139,0.389,4.00,0
2,27,0.056,0.306,3.00,0
2,28,0.083,0.500,3.00,0
2,29,0.056,0.417,3.00,0
2,30,0.250,0.778,0.00,0
3,0,0.000,0.000,26.00,0
3,1,0.000,0.000,31.00,0
3,2,0.000,0.000,16.00,0
3,3,0.000,0.000,14.00,0
3,4,0.000,0.000,13.00,0
3,5,0.000,0.000,14.00,0
3,6,0.000,0.000,10.00,0
3,7,0.000,0.472,8.00,0
3,8,0.056,0.917,4.00,0
3,9,0.167,0.972,2.00,0
3,10,0.500,1.000,0.00,1
3,11,0.889,1.000,0.00,1
3,12,0.722,0.972,0.00,1
3,13,0.083,0.278,1.00,0
3,14,0.000,0.000,13.00,0
3,15,0.000,0.000,20.00,0
3,16,0.000,0.083,8.00,0
3,17,0.444,0.778,0.00,0
3,18,0.472,1.000,0.00,0
3,19,0.306,0.917,4.00,0
3,20,0.028,0.500,5.00,0
3,21,0.000,0.000,14.00,0
3,22,0.000,0.000,16.00,0
3,23,0.000,0.000,11.00,0
3,24,0.083,0.417,4.00,0
3,25,0.861,1.000,2.00,1
3,26,1.000,1.000,1.00,1
3,27,0.833,1.000,1.00,1
3,28,0.583,1.000,3.00,1
3,29,0.472,0.972,1.00,0
3,30,1.000,1.000,0.00,1
4,0,0.000,0.000,28.00,0
4,1,0.000,0.000,33.99,0
4,2,0.000,0.000,30.99,0
4,3,0.000,0.000,12.00,0
4,4,0.000,0.000,11.00,0
4,5,0.000,0.000,11.00,0
4,6,0.000,0.000,12.00,0
4,7,0.000,0.111,8.00,0
4,8,0.000,0.194,8.00,0
4,9,0.000,0.083,10.00,0
4,10,0.000,0.139,9.00,0
4,11,0.028,0.583,5.00,0
4,12,0.639,0.861,0.00,1
4,13,0.278,0.833,0.00,0
4,14,0.194,0.389,4.00,0
4,15,0.000,0.000,11.00,0
4,16,0.000,0.278,8.00,0
4,17,0.000,0.694,7.00,0
4,18,0.333,0.944,0.00,0
4,19,1.000,1.000,0.00,1
4,20,0.222,0.583,4.00,0
4,21,0.000,0.000,13.00,0
4,22,0.000,0.000,11.00,0
4,23,0.000,0.083,9.00,0
4,24,0.167,0.944,4.00,0
4,25,1.000,1.000,0.00,1
4,26,1.000,1.000,0.00,1
4,27,0.944,1.000,0.00,1
4,28,0.028,0.639,5.00,0
4,29,0.111,0.972,0.00,0
4,30,0.806,1.000,0.00,1
5,0,0.000,0.000,12.00,0
5,1,0.000,0.000,20.99,0
5,2,0.000,0.000,21.99,0
5,3,0.000,0.000,12.00,0
5,4,0.000,0.000,11.00,0
5,5,0.000,0.000,11.00,0
5,6,0.000,0.194,7.00,0
5,7,0.000,0.667,6.00,0
5,8,0.000,0.306,5.00,0
5,9,0.000,0.000,15.00,0
5,10,0.000,0.000,11.00,0
5,11,0.000,0.361,10.00,0
5,12,0.222,0.833,0.00,0
5,13,0.972,1.000,0.00,1
5,14,1.000,1.000,0.00,1
5,15,0.139,0.556,2.00,0
5,16,0.000,1.000,7.00,0
5,17,0.000,1.000,7.00,0
5,18,0.222,1.000,4.00,0
5,19,0.778,0.861,0.00,1
5,20,0.389,0.833,0.00,0
5,21,0.000,0.028,10.00,0
5,22,0.000,0.194,9.00,0
5,23,0.000,0.778,7.00,0
5,24,0.639,1.000,0.00,1
5,25,0.750,1.000,0.00,1
5,26,1.000,1.000,0.00,1
5,27,1.000,1.000,0.00,1
5,28,0.639,1.000,0.00,1
5,29,0.417,1.000,1.00,0
5,30,0.639,1.000,0.00,1
6,0,0.000,0.611,7.99,0
6,1,0.000,0.472,9.99,0
6,2,0.000,0.028,9.99,0
6,3,0.000,0.000,18.00,0
6,4,0.000,0.000,16.00,0
6,5,0.000,0.000,10.00,0
6,6,0.000,0.694,7.00,0
6,7,0.111,1.000,4.00,0
6,8,0.639,0.972,2.00,1
6,9,0.306,0.306,0.00,0
6,10,0.000,0.000,15.00,0
6,11,0.000,0.111,8.00,0
6,12,0.056,0.611,3.00,0
6,13,0.833,1.000,0.00,1
6,14,0.917,1.000,0.00,1
6,15,0.361,0.944,2.00,0
6,16,0.028,1.000,5.00,0
6,17,0.417,1.000,5.00,0
6,18,0.472,0.667,4.00,0
6,19,0.167,0.472,3.00,0
6,20,0.806,1.000,0.00,1
6,21,0.000,0.806,7.00,0
6,22,0.056,0.750,5.00,0
6,23,0.444,1.000,0.00,0
6,24,0.694,1.000,0.00,1
6,25,0.833,1.000,2.00,1
6,26,0.917,1.000,1.00,1
6,27,0.861,1.000,0.00,1
6,28,0.972,1.000,0.00,1
6,29,1.000,1.000,0.00,1
6,30,1.000,1.000,0.00,1
7,0,0.583,1.000,0.00,1
7,1,0.528,0.833,0.00,1
7,2,0.167,0.861,0.00,0
7,3,0.000,0.000,10.99,0
7,4,0.000,0.000,17.00,0
7,5,0.000,0.000,11.00,0
7,6,0.083,0.583,5.00,0
7,7,0.250,1.000,4.00,0
7,8,0.750,1.000,0.00,1
7,9,0.583,0.639,0.00,1
7,10,0.000,0.028,5.00,0
7,11,0.000,0.528,8.00,0
7,12,0.167,0.917,2.00,0
7,13,0.972,1.000,1.00,1
7,14,1.000,1.000,0.00,1
7,15,1.000,1.000,0.00,1
7,16,0.722,1.000,0.00,1
7,17,0.556,1.000,3.00,1
7,18,0.444,1.000,4.00,0
7,19,0.944,1.000,0.00,1
7,20,1.000,1.000,0.00,1
7,21,0.722,1.000,0.00,1
7,22,0.806,1.000,0.00,1
7,23,0.944,1.000,0.00,1
7,24,0.583,1.000,2.00,1
7,25,0.139,0.556,3.00,0
7,26,0.000,0.111,8.00,0
7,27,0.000,0.167,6.00,0
7,28,0.556,0.833,2.00,1
7,29,0.944,1.000,0.00,1
7,30,1.000,1.000,0.00,1
8,0,0.000,1.000,6.99,0
8,1,0.111,1.000,3.99,0
8,2,0.833,1.000,0.00,1
8,3,0.167,0.417,0.00,0
8,4,0.000,0.000,17.99,0
8,5,0.000,0.083,9.00,0
8,6,0.028,0.944,5.00,0
8,7,0.806,1.000,2.00,1
8,8,0.833,1.000,0.00,1
8,9,0.806,1.000,1.00,1
8,10,0.222,0.417,3.00,0
8,11,0.139,0.444,3.00,0
8,12,0.444,1.000,0.00,0
8,13,0.972,1.000,0.00,1
8,14,1.000,1.000,0.00,1
8,15,1.000,1.000,0.00,1
8,16,0.944,1.000,0.00,1
8,17,1.000,1.000,0.00,1
8,18,0.972,1.000,0.00,1
8,19,0.944,1.000,0.00,1
8,20,0.472,1.000,0.00,0
8,21,0.306,0.861,0.00,0
8,22,0.639,0.944,0.00,1
8,23,0.361,0.694,0.00,0
8,24,0.111,0.278,2.00,0
8,25,0.000,0.000,15.00,0
8,26,0.000,0.000,15.00,0
8,27,0.000,0.000,14.00,0
8,28,0.000,0.000,13.00,0
8,29,0.028,0.250,4.00,0
8,30,0.528,0.889,0.00,1
9,0,0.000,0.306,6.00,0
9,1,0.000,0.833,6.99,0
9,2,0.083,1.000,2.99,0
9,3,0.583,0.972,0.00,1
9,4,0.139,0.222,0.00,0
9,5,0.000,0.000,18.99,0
9,6,0.000,0.083,7.00,0
9,7,0.278,0.667,3.00,0
9,8,0.944,1.000,0.00,1
9,9,0.944,1.000,0.00,1
9,10,0.694,0.972,0.00,1
9,11,0.722,0.972,0.00,1
9,12,0.972,1.000,0.00,1
9,13,1.000,1.000,0.00,1
9,14,1.000,1.000,0.00,1
9,15,0.556,1.000,0.00,1
9,16,0.750,1.000,1.00,1
9,17,1.000,1.000,0.00,1
9,18,0.917,1.000,0.00,1
9,19,0.500,0.917,0.00,1
9,20,0.000,0.417,6.00,0
9,21,0.000,0.000,11.00,0
9,22,0.000,0.028,8.00,0
9,23,0.000,0.083,8.00,0
9,24,0.000,0.000,21.00,0
9,25,0.000,0.000,18.00,0
9,26,0.000,0.000,21.00,0
9,27,0.000,0.000,39.00,0
9,28,0.000,0.000,31.00,0
9,29,0.000,0.000,21.00,0
9,30,0.083,0.250,1.00,0
10,0,0.361,0.444,0.00,0
10,1,0.000,0.250,7.99,0
10,2,0.000,1.000,6.99,0
10,3,0.333,0.944,1.99,0
10,4,0.583,0.778,0.00,1
10,5,0.000,0.000,10.99,0
10,6,0.000,0.000,16.99,0
10,7,0.000,0.000,16.99,0
10,8,0.528,0.528,2.00,1
10,9,0.389,0.389,3.00,0
10,10,0.083,0.361,4.00,0
10,11,0.722,0.972,0.00,1
10,12,0.944,1.000,0.00,1
10,13,0.944,1.000,0.00,1
10,14,0.972,1.000,1.00,1
10,15,0.111,0.583,4.00,0
10,16,0.000,0.111,8.00,0
10,17,0.111,0.250,4.00,0
10,18,0.778,0.944,0.00,1
10,19,0.111,0.250,0.00,0
10,20,0.000,0.000,18.00,0
10,21,0.000,0.000,26.00,0
10,22,0.000,0.000,18.00,0
10,23,0.000,0.000,19.00,0
10,24,0.000,0.000,25.00,0
10,25,0.000,0.000,24.00,0
10,26,0.000,0.000,26.00,0
10,27,0.000,0.000,28.00,0
10,28,0.000,0.000,25.00,0
10,29,0.056,0.306,3.00,0
10,30,0.389,0.611,0.00,0
11,0,0.444,0.833,0.00,0
11,1,0.000,0.000,15.99,0
11,2,0.000,0.417,6.99,0
11,3,0.028,0.972,4.99,0
11,4,0.778,0.944,0.00,1
11,5,0.000,0.028,8.99,0
11,6,0.000,0.000,15.99,0
11,7,0.000,0.000,12.99,0
11,8,0.000,0.000,16.99,0
11,9,0.028,0.222,4.00,0
11,10,0.889,0.972,2.00,1
11,11,0.861,1.000,0.00,1
11,12,0.722,1.000,2.00,1
11,13,0.222,0.528,2.00,0
11,14,0.056,0.278,5.00,0
11,15,0.000,0.028,7.00,0
11,16,0.000,0.000,24.00,0
11,17,0.000,0.000,13.00,0
11,18,0.639,0.722,0.00,1
11,19,0.056,0.194,5.00,0
11,20,0.000,0.000,18.00,0
11,21,0.000,0.000,32.00,0
11,22,0.000,0.000,28.00,0
11,23,0.000,0.000,36.00,0
11,24,0.000,0.000,36.00,0
11,25,0.000,0.000,29.00,0
11,26,0.000,0.000,33.00,0
11,27,0.000,0.000,24.00,0
11,28,0.000,0.000,17.00,0
11,29,0.000,0.000,24.00,0
11,30,0.028,0.194,2.00,0
12,0,0.000,0.167,6.00,0
12,1,0.000,0.000,23.99,0
12,2,0.000,0.056,9.99,0
12,3,0.111,0.833,1.99,0
12,4,0.972,1.000,0.00,1
12,5,0.111,0.528,4.99,0
12,6,0.056,0.361,4.99,0
12,7,0.500,0.750,0.99,1
12,8,0.528,0.806,0.99,1
12,9,0.611,0.944,1.00,1
12,10,1.000,1.000,0.00,1
12,11,0.722,1.000,0.00,1
12,12,0.333,0.917,4.00,0
12,13,0.000,0.167,6.00,0
12,14,0.000,0.000,19.00,0
12,15,0.000,0.000,21.00,0
12,16,0.000,0.000,26.00,0
12,17,0.000,0.028,8.00,0
12,18,0.278,0.556,0.00,0
12,19,0.306,0.583,0.00,0
12,20,0.000,0.000,15.00,0
12,21,0.000,0.000,29.00,0
12,22,0.000,0.000,33.00,0
12,23,0.000,0.000,43.00,0
12,24,0.000,0.000,39.00,0
12,25,0.000,0.000,39.00,0
12,26,0.000,0.000,36.00,0
12,27,0.000,0.000,21.00,0
12,28,0.000,0.000,14.00,0
12,29,0.000,0.028,8.00,0
12,30,0.222,0.583,0.00,0
13,0,0.000,0.000,33.00,0
13,1,0.000,0.000,24.99,0
13,2,0.000,0.000,16.99,0
13,3,0.139,0.333,2.99,0
13,4,0.917,1.000,0.00,1
13,5,0.861,1.000,0.00,1
13,6,0.861,1.000,0.00,1
13,7,1.000,1.000,0.00,1
13,8,1.000,1.000,0.00,1
13,9,0.944,1.000,0.00,1
13,10,0.972,1.000,0.00,1
13,11,0.889,1.000,2.00,1
13,12,0.139,0.556,4.00,0
13,13,0.000,0.000,19.00,0
13,14,0.000,0.000,35.00,0
13,15,0.000,0.000,32.00,0
13,16,0.000,0.000,25.00,0
13,17,0.000,0.000,19.00,0
13,18,0.000,0.111,8.00,0
13,19,0.611,0.806,0.00,1
13,20,0.000,0.000,13.00,0
13,21,0.000,0.000,22.00,0
13,22,0.000,0.000,26.00,0
13,23,0.000,0.000,26.00,0
13,24,0.000,0.000,20.00,0
13,25,0.000,0.000,19.00,0
13,26,0.000,0.000,22.00,0
13,27,0.000,0.000,18.00,0
13,28,0.000,0.000,21.00,0
13,29,0.000,0.083,8.00,0
13,30,0.583,0.889,0.00,1
14,0,0.000,0.000,27.00,0
14,1,0.000,0.000,30.99,0
14,2,0.000,0.000,26.99,0
14,3,0.000,0.028,8.99,0
14,4,0.222,0.417,0.99,0
14,5,0.722,0.917,0.00,1
14,6,0.556,1.000,0.00,1
14,7,0.917,1.000,0.00,1
14,8,0.361,0.583,0.00,0
14,9,0.139,0.333,3.00,0
14,10,0.194,0.444,0.00,0
14,11,0.000,0.167,7.00,0
14,12,0.000,0.083,7.00,0
14,13,0.000,0.000,22.00,0
14,14,0.000,0.000,39.00,0
14,15,0.000,0.000,41.00,0
14,16,0.000,0.000,34.00,0
14,17,0.000,0.000,28.00,0
14,18,0.000,0.056,9.00,0
14,19,0.111,0.583,2.00,0
14,20,0.000,0.056,10.00,0
14,21,0.000,0.000,19.00,0
14,22,0.000,0.000,25.00,0
14,23,0.000,0.000,20.00,0
14,24,0.000,0.000,17.00,0
14,25,0.000,0.000,13.00,0
14,26,0.000,0.000,11.00,0
14,27,0.000,0.194,9.00,0
14,28,0.167,0.444,2.00,0
14,29,0.361,0.722,0.00,0
14,30,0.139,0.500,0.00,0
15,0,0.000,0.000,28.00,0
15,1,0.000,0.000,32.99,0
15,2,0.000,0.000,29.99,0
15,3,0.000,0.000,25.99,0
15,4,0.000,0.000,20.99,0
15,5,0.000,0.028,9.99,0
15,6,0.000,0.306,6.00,0
15,7,0.833,1.000,0.00,1
15,8,0.417,0.806,0.00,0
15,9,0.000,0.111,7.00,0
15,10,0.000,0.000,18.00,0
15,11,0.000,0.000,25.00,0
15,12,0.000,0.000,29.00,0
15,13,0.000,0.000,29.00,0
15,14,0.000,0.000,34.00,0
15,15,0.000,0.000,40.00,0
15,16,0.000,0.000,34.00,0
15,17,0.000,0.000,24.00,0
15,18,0.000,0.000,17.00,0
15,19,0.000,0.000,12.00,0
15,20,0.000,0.000,23.00,0
15,21,0.000,0.000,24.00,0
15,22,0.000,0.000,27.00,0
15,23,0.000,0.000,21.00,0
15,24,0.000,0.000,19.00,0
15,25,0.000,0.000,18.00,0
15,26,0.000,0.000,15.00,0
15,27,0.000,0.000,13.00,0
15,28,0.056,0.194,2.00,0
15,29,0.000,0.083,6.00,0
15,30,0.194,0.472,0.00,0
16,0,0.000,0.000,30.00,0
16,1,0.000,0.000,35.00,0
16,2,0.000,0.000,34.99,0
16,3,0.000,0.000,29.99,0
16,4,0.000,0.000,23.99,0
16,5,0.000,0.000,18.00,0
16,6,0.000,0.111,7.00,0
16,7,0.778,1.000,0.00,1
16,8,0.389,0.722,0.00,0
16,9,0.000,0.333,5.00,0
16,10,0.000,0.000,10.00,0
16,11,0.000,0.000,18.00,0
16,12,0.000,0.000,26.00,0
16,13,0.000,0.000,31.00,0
16,14,0.000,0.000,35.00,0
16,15,0.000,0.000,23.00,0
16,16,0.000,0.000,32.00,0
16,17,0.000,0.000,24.00,0
16,18,0.000,0.000,19.00,0
16,19,0.000,0.000,18.00,0
16,20,0.000,0.000,25.00,0
16,21,0.000,0.000,28.00,0
16,22,0.000,0.000,29.00,0
16,23,0.000,0.000,38.00,0
16,24,0.000,0.000,28.00,0
16,25,0.000,0.000,28.00,0
16,26,0.000,0.000,23.00,0
16,27,0.000,0.000,20.00,0
16,28,0.000,0.000,18.00,0
16,29,0.000,0.028,8.00,0
16,30,0.111,0.194,0.00,0
17,0,0.000,0.000,34.00,0
17,1,0.000,0.000,36.00,0
17,2,0.000,0.000,28.00,0
17,3,0.000,0.000,25.00,0
17,4,0.000,0.000,21.00,0
17,5,0.000,0.000,13.00,0
17,6,0.000,0.028,8.00,0
17,7,0.611,0.861,0.00,1
17,8,0.583,0.944,2.00,1
17,9,0.000,0.028,10.00,0
17,10,0.000,0.000,21.00,0
17,11,0.000,0.000,21.00,0
17,12,0.000,0.000,25.00,0
17,13,0.000,0.000,31.00,0
17,14,0.000,0.000,24.00,0
17,15,0.000,0.000,19.00,0
17,16,0.000,0.000,19.00,0
17,17,0.000,0.000,25.00,0
17,18,0.000,0.000,23.00,0
17,19,0.000,0.000,30.00,0
17,20,0.000,0.000,33.00,0
17,21,0.000,0.000,26.00,0
17,22,0.000,0.000,25.00,0
17,23,0.000,0.000,26.00,0
17,24,0.000,0.000,27.00,0
17,25,0.000,0.000,30.00,0
17,26,0.000,0.000,28.00,0
17,27,0.000,0.000,21.00,0
17,28,0.083,0.222,3.00,0
17,29,0.194,0.444,3.00,0
17,30,0.250,0.806,0.00,0
18,0,0.000,0.000,37.00,0
18,1,0.000,0.000,40.00,0
18,2,0.000,0.000,34.00,0
18,3,0.000,0.000,24.00,0
18,4,0.000,0.000,21.00,0
18,5,0.000,0.000,22.00,0
18,6,0.000,0.111,8.00,0
18,7,0.722,0.917,0.00,1
18,8,0.583,0.917,0.00,1
18,9,0.028,0.222,5.00,0
18,10,0.000,0.000,17.00,0
18,11,0.000,0.000,30.00,0
18,12,0.000,0.000,32.00,0
18,13,0.000,0.000,32.00,0
18,14,0.000,0.000,23.00,0
18,15,0.000,0.000,15.00,0
18,16,0.000,0.000,17.00,0
18,17,0.000,0.000,26.00,0
18,18,0.000,0.000,21.00,0
18,19,0.000,0.000,25.00,0
18,20,0.000,0.000,26.00,0
18,21,0.000,0.000,27.00,0
18,22,0.000,0.000,19.00,0
18,23,0.000,0.000,19.00,0
18,24,0.000,0.000,16.00,0
18,25,0.000,0.000,16.00,0
18,26,0.000,0.278,6.00,0
18,27,0.083,0.472,5.00,0
18,28,0.639,0.861,1.00,1
18,29,0.944,1.000,0.00,1
18,30,0.778,1.000,0.00,1
19,0,0.000,0.000,41.00,0
19,1,0.000,0.000,34.00,0
19,2,0.000,0.000,26.00,0
19,3,0.000,0.000,21.00,0
19,4,0.000,0.000,19.00,0
19,5,0.000,0.000,19.00,0
19,6,0.000,0.000,11.00,0
19,7,0.722,0.944,0.00,1
19,8,0.833,1.000,0.00,1
19,9,0.000,0.222,8.00,0
19,10,0.000,0.000,14.00,0
19,11,0.000,0.000,23.00,0
19,12,0.000,0.000,30.00,0
19,13,0.000,0.000,31.00,0
19,14,0.000,0.000,16.00,0
19,15,0.000,0.000,11.00,0
19,16,0.000,0.000,11.00,0
19,17,0.000,0.000,23.00,0
19,18,0.000,0.000,17.00,0
19,19,0.000,0.000,16.00,0
19,20,0.000,0.000,17.00,0
19,21,0.000,0.000,20.00,0
19,22,0.000,0.000,20.00,0
19,23,0.000,0.000,13.00,0
19,24,0.083,0.222,0.00,0
19,25,0.667,0.750,0.00,1
19,26,0.778,1.000,0.00,1
19,27,0.861,1.000,0.00,1
19,28,0.972,1.000,0.00,1
19,29,0.889,1.000,0.00,1
19,30,0.694,1.000,0.00,1
20,0,0.000,0.000,38.00,0
20,1,0.000,0.000,33.00,0
20,2,0.000,0.000,26.00,0
20,3,0.000,0.000,20.00,0
20,4,0.000,0.000,14.00,0
20,5,0.000,0.000,11.00,0
20,6,0.139,0.500,2.00,0
20,7,1.000,1.000,0.00,1
20,8,0.250,0.472,2.00,0
20,9,0.000,0.028,10.00,0
20,10,0.000,0.000,23.00,0
20,11,0.000,0.000,22.00,0
20,12,0.000,0.000,29.00,0
20,13,0.000,0.000,31.00,0
20,14,0.000,0.000,16.00,0
20,15,0.000,0.000,10.00,0
20,16,0.000,0.444,7.00,0
20,17,0.000,0.083,9.00,0
20,18,0.000,0.250,5.00,0
20,19,0.000,0.000,11.00,0
20,20,0.000,0.000,11.00,0
20,21,0.000,0.000,11.00,0
20,22,0.000,0.000,15.00,0
20,23,0.083,0.167,0.00,0
20,24,0.750,0.917,0.00,1
20,25,1.000,1.000,0.00,1
20,26,1.000,1.000,0.00,1
20,27,1.000,1.000,0.00,1
20,28,0.694,0.833,0.00,1
20,29,0.250,0.583,2.00,0
20,30,0.056,0.222,0.00,0
