row,col,elev_m,pop,peak_depth_model_m,peak_depth_truth_m,peak_time_model_h,peak_time_truth_h,window_closes_model_h,window_closes_truth_h
0,0,196.50,5,0.037,0.071,3.92,3.50,,
0,1,197.75,5,0.028,0.054,4.08,3.50,,
0,2,195.03,5,0.039,0.076,4.00,3.58,,
0,3,190.28,97,0.065,0.130,4.33,3.92,,
0,4,188.00,88,0.084,0.164,4.67,4.17,,3.50
0,5,183.06,5,0.093,0.208,5.00,4.67,,3.17
0,6,179.47,134,0.124,0.404,5.08,5.50,,2.58
0,7,180.86,80,0.032,0.101,4.58,5.83,,2.67
0,8,180.14,85,0.045,0.138,4.42,4.92,,2.75
0,9,183.14,5,0.041,0.078,4.25,3.92,,2.83
0,10,191.97,88,0.027,0.045,4.17,3.58,,2.83
0,11,189.64,94,0.035,0.059,4.00,3.50,,2.83
0,12,187.56,70,0.034,0.065,4.00,3.58,,2.75
0,13,185.86,90,0.033,0.064,3.92,3.58,,2.83
0,14,178.36,5,0.042,0.098,4.17,3.92,,2.83
0,15,170.67,5,0.046,0.155,4.42,4.67,,2.75
0,16,163.06,123,0.086,0.216,4.58,4.83,,2.67
0,17,167.11,72,0.036,0.100,4.08,4.17,,2.67
0,18,173.11,5,0.032,0.072,4.00,3.75,,2.58
0,19,179.00,5,0.029,0.059,4.00,3.58,,2.58
0,20,181.97,5,0.025,0.046,4.08,3.50,,2.50
0,21,181.31,94,0.038,0.069,3.92,3.50,,2.50
0,22,183.06,93,0.029,0.050,4.00,3.42,,2.42
0,23,177.61,81,0.040,0.072,4.00,3.50,,2.42
0,24,174.08,98,0.046,0.103,4.08,3.83,,2.33
0,25,169.69,110,0.066,0.252,4.33,4.42,,2.33
0,26,171.08,135,0.035,0.084,4.00,3.83,,2.25
0,27,167.42,128,0.050,0.125,4.08,3.92,,2.25
0,28,169.08,83,0.035,0.077,4.25,3.67,,2.17
0,29,172.14,69,0.031,0.063,4.50,3.58,,2.17
0,30,173.50,5,0.029,0.049,4.58,3.33,,2.08
1,0,194.14,4,0.059,0.117,4.08,3.83,,
1,1,194.14,4,0.046,0.104,4.00,3.83,,
1,2,194.08,4,0.045,0.105,3.92,3.83,,
1,3,192.58,4,0.051,0.103,4.08,3.83,,
1,4,191.36,97,0.044,0.093,4.08,3.92,,
1,5,188.25,57,0.047,0.118,4.33,4.33,,
1,6,180.17,4,0.067,0.187,4.67,4.75,,3.50
1,7,175.36,98,0.110,0.315,4.92,5.58,,2.75
1,8,175.14,89,0.135,0.435,5.33,6.00,,2.58
1,9,179.72,4,0.049,0.174,4.50,6.00,,2.83
1,10,188.28,4,0.032,0.075,4.33,4.33,,2.92
1,11,185.75,4,0.043,0.092,4.17,4.00,,2.83
1,12,181.47,64,0.065,0.130,4.25,4.00,,2.83
1,13,184.53,95,0.035,0.072,3.83,3.58,,2.83
1,14,184.11,86,0.028,0.065,3.83,3.67,,2.83
1,15,178.08,4,0.020,0.102,4.33,4.67,,2.83
1,16,161.89,4,0.091,0.532,4.92,5.92,,2.50
1,17,163.47,71,0.047,0.165,4.17,4.67,,2.67
1,18,169.56,57,0.039,0.107,4.17,4.17,,2.67
1,19,172.81,60,0.042,0.095,4.08,3.92,,2.58
1,20,174.97,4,0.046,0.096,4.17,3.83,,2.50
1,21,176.94,70,0.056,0.107,4.17,3.75,,2.50
1,22,178.94,77,0.040,0.075,4.00,3.58,,2.42
1,23,174.44,86,0.056,0.112,4.17,3.75,,2.42
1,24,175.31,90,0.031,0.068,4.08,3.67,,2.33
1,25,172.53,97,0.036,0.089,4.00,3.92,,2.33
1,26,171.42,68,0.030,0.085,4.42,4.08,,2.25
1,27,166.03,72,0.055,0.154,4.42,4.25,,2.25
1,28,164.36,70,0.051,0.145,4.50,4.25,,2.17
1,29,166.11,62,0.040,0.103,4.42,3.92,,2.17
1,30,166.94,69,0.040,0.084,4.25,3.58,,2.08
2,0,192.56,3,0.064,0.167,4.33,4.42,,3.58
2,1,191.28,81,0.088,0.328,4.42,4.58,,2.58
2,2,192.58,3,0.052,0.114,4.00,4.00,,
2,3,191.08,80,0.068,0.132,4.17,4.00,,
2,4,191.00,78,0.047,0.098,4.00,3.92,,
2,5,189.53,59,0.043,0.091,4.17,4.00,,
2,6,182.64,51,0.069,0.146,4.42,4.33,,
2,7,179.69,53,0.076,0.190,4.67,4.83,,3.42
2,8,174.78,63,0.169,0.500,5.67,6.00,4.58,2.58
2,9,173.50,80,0.198,0.920,5.83,6.00,4.33,2.25
2,10,175.75,3,0.042,0.169,4.42,6.00,,2.92
2,11,177.11,3,0.041,0.120,4.42,4.58,,2.92
2,12,175.92,3,0.072,0.214,4.58,4.83,,2.83
2,13,180.69,42,0.035,0.098,4.00,4.17,,2.92
2,14,181.89,54,0.027,0.064,3.92,3.67,,2.92
2,15,179.81,3,0.020,0.065,4.25,4.17,,2.83
2,16,164.25,3,0.027,0.131,4.25,4.83,,2.83
2,17,160.36,74,0.067,0.283,4.42,6.00,,2.75
2,18,164.25,3,0.034,0.167,4.25,6.00,,2.67
2,19,167.78,3,0.035,0.113,4.17,4.50,,2.67
2,20,167.28,3,0.060,0.159,4.50,4.33,,2.58
2,21,171.67,49,0.054,0.119,4.25,4.00,,2.50
2,22,174.33,46,0.036,0.084,4.08,3.83,,2.50
2,23,171.17,46,0.058,0.135,4.42,4.08,,2.42
2,24,167.81,3,0.042,0.118,4.50,4.17,,2.42
2,25,166.08,3,0.033,0.120,5.17,4.50,,2.33
2,26,162.50,3,0.033,0.132,5.33,4.83,,2.33
2,27,160.14,3,0.048,0.176,4.75,4.83,,2.25
2,28,158.61,49,0.063,0.214,4.83,4.67,,2.25
2,29,160.36,51,0.046,0.147,4.42,4.25,,2.17
2,30,162.92,42,0.041,0.110,4.42,4.00,,2.17
3,0,185.50,53,0.093,0.417,4.58,5.08,,2.50
3,1,191.28,75,0.044,0.124,3.92,4.42,,
3,2,192.31,92,0.042,0.094,3.92,4.00,,
3,3,190.14,85,0.088,0.160,4.42,4.17,,3.50
3,4,188.03,83,0.102,0.183,4.58,4.33,,3.17
3,5,187.92,84,0.054,0.114,4.00,4.17,,
3,6,184.19,73,0.074,0.145,4.33,4.17,,
3,7,181.78,71,0.076,0.150,4.42,4.33,,4.25
3,8,179.08,63,0.072,0.170,4.50,4.67,,3.67
3,9,176.69,64,0.059,0.196,4.42,6.00,,3.67
3,10,172.81,67,0.073,0.285,4.58,6.00,,3.00
3,11,168.14,81,0.103,0.352,4.83,6.00,,2.75
3,12,168.08,64,0.133,0.788,5.33,6.00,,2.33
3,13,173.08,4,0.035,0.149,4.33,4.92,,3.00
3,14,174.36,4,0.032,0.083,4.08,3.92,,2.92
3,15,172.89,4,0.024,0.079,4.25,4.08,,2.92
3,16,168.44,4,0.023,0.085,4.33,4.33,,2.83
3,17,158.92,55,0.057,0.304,4.67,6.00,,2.75
3,18,157.03,76,0.090,0.791,5.08,6.00,,2.42
3,19,158.47,4,0.066,0.294,4.92,6.00,,2.58
3,20,162.08,54,0.071,0.203,4.75,4.58,,2.50
3,21,168.28,72,0.042,0.102,4.08,4.00,,2.50
3,22,167.14,60,0.038,0.108,4.17,4.00,,2.42
3,23,164.61,48,0.054,0.147,4.58,4.25,,2.42
3,24,158.89,4,0.056,0.177,5.08,4.58,,2.33
3,25,152.42,4,0.057,0.228,5.25,5.50,,2.33
3,26,150.50,4,0.078,0.428,6.00,6.00,,2.25
3,27,151.92,4,0.098,0.354,5.50,6.00,,2.25
3,28,153.22,4,0.086,0.280,4.92,4.92,,2.17
3,29,156.44,84,0.051,0.147,4.25,4.42,,2.17
3,30,155.25,71,0.050,0.253,4.33,4.58,,2.08
4,0,190.42,100,0.034,0.087,3.83,4.50,,
4,1,191.92,108,0.032,0.067,3.83,4.00,,
4,2,189.89,82,0.051,0.105,4.00,4.08,,
4,3,189.36,120,0.066,0.129,4.08,4.33,,
4,4,186.50,128,0.153,0.425,5.00,4.75,4.67,2.42
4,5,186.83,131,0.052,0.110,3.92,4.17,,
4,6,186.53,135,0.051,0.102,3.92,4.08,,
4,7,185.50,120,0.047,0.091,4.00,3.92,,
4,8,182.92,110,0.046,0.091,4.08,4.00,,
4,9,180.31,111,0.045,0.093,4.08,4.08,,
4,10,177.53,105,0.041,0.098,4.17,4.25,,
4,11,174.42,78,0.036,0.112,4.42,4.75,,
4,12,168.14,91,0.037,0.173,4.33,6.00,,4.08
4,13,165.83,70,0.049,0.278,4.58,6.00,,3.08
4,14,167.19,5,0.033,0.106,4.33,4.25,,3.00
4,15,164.33,5,0.031,0.113,4.42,4.25,,2.92
4,16,161.25,71,0.028,0.118,4.33,4.33,,2.83
4,17,159.75,117,0.027,0.113,4.08,4.42,,2.83
4,18,157.56,104,0.022,0.219,4.33,6.00,,2.75
4,19,153.28,5,0.091,1.004,5.08,6.00,,2.25
4,20,161.25,5,0.031,0.179,4.58,6.00,,2.58
4,21,166.14,107,0.029,0.088,4.08,4.00,,2.50
4,22,164.81,98,0.034,0.108,4.17,4.08,,2.50
4,23,161.28,79,0.042,0.134,4.50,4.33,,2.42
4,24,156.06,70,0.047,0.170,5.00,4.75,,2.42
4,25,150.58,5,0.073,0.411,5.58,6.00,,2.33
4,26,148.14,5,0.184,1.595,6.00,6.00,4.67,2.17
4,27,149.64,5,0.074,0.395,5.08,6.00,,2.17
4,28,157.72,103,0.027,0.107,4.50,6.00,,2.17
4,29,156.14,117,0.027,0.112,4.25,4.42,,2.08
4,30,155.61,127,0.031,0.092,4.08,3.83,,2.08
5,0,179.00,5,0.036,0.128,4.33,4.92,,
5,1,185.47,5,0.029,0.088,4.33,4.58,,
5,2,182.44,5,0.080,0.180,4.50,4.50,,3.42
5,3,188.14,108,0.055,0.110,4.00,4.33,,
5,4,188.11,107,0.051,0.103,3.83,4.08,,
5,5,185.89,120,0.085,0.173,4.25,4.33,,3.33
5,6,184.36,113,0.102,0.184,4.50,4.33,,3.17
5,7,183.00,104,0.080,0.137,4.33,4.25,,
5,8,180.83,94,0.066,0.124,4.25,4.17,,
5,9,176.81,100,0.067,0.134,4.33,4.17,,
5,10,175.11,111,0.067,0.141,4.33,4.25,,
5,11,173.44,95,0.050,0.128,4.42,4.50,,
5,12,168.89,65,0.040,0.122,4.58,4.67,,
5,13,161.00,76,0.063,0.265,4.83,6.00,,3.00
5,14,160.14,89,0.046,0.170,4.50,4.83,,3.00
5,15,159.75,97,0.035,0.137,4.42,4.42,,2.92
5,16,157.36,107,0.040,0.162,4.33,4.42,,2.83
5,17,156.72,116,0.031,0.182,4.33,4.67,,2.75
5,18,157.67,132,0.021,0.122,4.50,6.00,,2.75
5,19,155.86,71,0.022,0.271,5.08,6.00,,2.67
5,20,157.47,77,0.027,0.176,4.67,6.00,,2.58
5,21,163.44,92,0.024,0.087,4.50,4.00,,2.58
5,22,161.42,91,0.028,0.109,4.50,4.17,,2.50
5,23,158.58,78,0.033,0.129,4.83,4.42,,2.50
5,24,153.08,5,0.043,0.172,4.58,4.92,,2.42
5,25,151.47,5,0.066,0.281,4.75,6.00,,2.33
5,26,149.78,5,0.112,0.508,5.50,6.00,,2.33
5,27,148.64,5,0.104,0.930,5.33,6.00,,2.25
5,28,151.75,5,0.028,0.172,4.42,6.00,,2.17
5,29,152.58,5,0.031,0.123,4.25,4.33,,2.17
5,30,152.72,5,0.036,0.108,4.17,3.92,,2.08
6,0,164.69,4,0.046,0.244,4.50,6.00,,3.50
6,1,166.44,4,0.051,0.174,4.58,6.00,,4.08
6,2,172.39,4,0.076,0.181,4.75,4.83,,3.58
6,3,188.61,4,0.028,0.065,4.17,4.25,,
6,4,191.94,95,0.039,0.056,3.75,3.58,,
6,5,186.61,63,0.047,0.081,3.92,3.75,,
6,6,182.56,72,0.095,0.156,4.50,4.25,,3.75
6,7,180.17,75,0.103,0.169,4.58,4.33,,3.50
6,8,177.81,78,0.094,0.159,4.58,4.33,,3.67
6,9,176.03,82,0.085,0.153,4.50,4.33,,4.00
6,10,173.42,74,0.079,0.163,4.58,4.42,,3.67
6,11,169.53,51,0.072,0.179,4.92,4.67,,3.50
6,12,164.86,49,0.052,0.169,5.00,4.92,,3.83
6,13,159.14,72,0.070,0.251,5.00,6.00,,3.08
6,14,158.33,84,0.059,0.215,4.83,6.00,,3.00
6,15,157.31,84,0.040,0.164,4.50,4.67,,2.92
6,16,156.22,92,0.042,0.183,4.50,4.58,,2.83
6,17,155.28,90,0.047,0.277,4.83,6.00,,2.83
6,18,159.00,59,0.020,0.157,5.50,6.00,,2.75
6,19,165.19,70,0.019,0.159,5.50,6.00,,2.67
6,20,153.42,4,0.027,0.251,5.17,6.00,,2.67
6,21,158.67,50,0.024,0.099,5.33,4.33,,2.58
6,22,157.69,56,0.026,0.134,5.33,4.67,,2.50
6,23,154.42,63,0.032,0.198,5.00,6.00,,2.50
6,24,153.03,4,0.036,0.245,4.58,6.00,,2.42
6,25,151.83,4,0.073,0.284,5.17,6.00,,2.42
6,26,150.67,4,0.070,0.303,6.00,6.00,,2.33
6,27,150.69,4,0.033,0.154,4.42,6.00,,2.25
6,28,150.14,4,0.041,0.208,4.08,6.00,,2.25
6,29,148.86,4,0.059,0.202,4.42,4.75,,2.17
6,30,147.86,4,0.000,0.000,0.00,0.00,,
7,0,158.44,81,0.134,0.857,5.25,6.00,,2.33
7,1,159.47,69,0.084,0.362,4.75,6.00,,2.92
7,2,161.83,3,0.062,0.215,4.75,6.00,,3.58
7,3,178.64,3,0.037,0.100,4.25,4.58,,
7,4,189.08,51,0.037,0.062,3.83,3.75,,
7,5,184.28,50,0.051,0.091,3.92,3.92,,
7,6,180.97,61,0.076,0.130,4.25,4.17,,
7,7,178.39,67,0.089,0.150,4.50,4.33,,
7,8,176.42,70,0.089,0.157,4.50,4.42,,3.83
7,9,174.00,72,0.086,0.162,4.58,4.42,,3.67
7,10,172.56,56,0.064,0.146,4.67,4.58,,3.58
7,11,164.92,47,0.071,0.209,5.33,4.92,,3.25
7,12,161.78,56,0.079,0.242,5.58,5.83,,3.17
7,13,157.64,64,0.081,0.287,5.75,6.00,,3.00
7,14,155.75,76,0.072,0.265,5.25,6.00,,2.92
7,15,155.56,83,0.043,0.190,4.58,6.00,,2.83
7,16,155.56,82,0.032,0.163,4.33,6.00,,2.83
7,17,154.81,78,0.047,0.361,6.00,6.00,,2.75
7,18,154.89,58,0.023,0.231,5.25,6.00,,2.67
7,19,150.31,3,0.096,1.231,6.00,6.00,,2.25
7,20,150.44,3,0.045,0.430,5.08,6.00,,2.58
7,21,151.94,3,0.030,0.160,4.75,4.75,,2.50
7,22,151.25,3,0.060,0.354,6.00,6.00,,2.50
7,23,150.28,3,0.115,0.964,6.00,6.00,,2.25
7,24,154.14,42,0.058,0.246,6.00,6.00,,2.42
7,25,158.42,3,0.065,0.175,6.00,5.83,,2.33
7,26,162.25,3,0.035,0.110,5.08,4.75,,2.33
7,27,161.39,3,0.031,0.092,5.58,4.58,,2.25
7,28,152.61,3,0.036,0.101,4.83,4.33,,2.25
7,29,148.47,3,0.045,0.137,5.67,4.50,,2.17
7,30,147.44,3,0.000,0.000,0.00,0.00,,
8,0,162.81,73,0.028,0.149,4.00,6.00,,
8,1,161.42,86,0.036,0.233,4.08,6.00,,3.50
8,2,156.25,85,0.103,0.719,5.00,6.00,,2.42
8,3,169.22,4,0.033,0.170,4.42,6.00,,4.50
8,4,183.08,4,0.027,0.071,4.25,4.42,,
8,5,179.33,72,0.053,0.103,4.00,4.08,,
8,6,177.11,89,0.077,0.137,4.33,4.17,,
8,7,175.72,100,0.089,0.155,4.50,4.25,,3.83
8,8,173.97,97,0.094,0.175,4.67,4.42,,3.42
8,9,172.58,101,0.085,0.169,4.58,4.50,,3.58
8,10,171.03,78,0.055,0.144,4.67,4.67,,3.50
8,11,165.17,62,0.044,0.146,4.75,4.92,,3.50
8,12,159.25,62,0.055,0.267,6.00,6.00,,3.25
8,13,155.11,97,0.072,0.402,5.33,6.00,,2.92
8,14,154.83,120,0.074,0.408,5.67,6.00,,2.83
8,15,154.89,113,0.048,0.253,4.75,6.00,,2.83
8,16,153.58,108,0.051,0.402,6.00,6.00,,2.75
8,17,151.78,4,0.087,0.583,6.00,6.00,,2.58
8,18,151.50,4,0.075,0.492,6.00,6.00,,2.67
8,19,150.92,4,0.084,0.555,6.00,6.00,,2.58
8,20,153.64,4,0.031,0.176,6.00,6.00,,2.50
8,21,155.83,4,0.033,0.103,5.67,4.50,,2.50
8,22,153.58,4,0.046,0.231,6.00,6.00,,2.42
8,23,157.81,4,0.053,0.246,6.00,6.00,,2.42
8,24,162.97,4,0.051,0.167,6.00,5.42,,2.33
8,25,167.28,4,0.089,0.195,6.00,4.92,,2.33
8,26,170.64,4,0.037,0.099,4.67,4.42,,2.25
8,27,176.33,4,0.031,0.058,4.58,4.00,,2.25
8,28,179.00,4,0.030,0.052,4.58,3.83,,2.17
8,29,165.64,4,0.034,0.080,4.83,4.17,,2.17
8,30,152.64,4,0.049,0.113,5.17,4.25,,2.08
9,0,168.06,77,0.019,0.081,4.08,4.08,,
9,1,163.31,84,0.028,0.123,4.08,4.50,,
9,2,161.42,104,0.035,0.189,4.08,6.00,,3.75
9,3,158.36,68,0.071,0.576,4.75,6.00,,2.50
9,4,170.97,5,0.035,0.134,4.58,4.92,,
9,5,176.03,99,0.049,0.100,4.08,4.08,,
9,6,174.89,118,0.068,0.127,4.25,4.17,,
9,7,174.58,120,0.062,0.126,4.17,4.25,,
9,8,171.97,119,0.086,0.174,4.58,4.42,,3.42
9,9,170.22,121,0.104,0.229,5.00,4.67,,3.00
9,10,167.39,96,0.097,0.240,6.00,4.92,,3.08
9,11,162.28,5,0.090,0.270,6.00,6.00,,3.17
9,12,155.06,95,0.107,0.619,6.00,6.00,,2.58
9,13,154.47,139,0.176,1.693,6.00,6.00,4.92,2.08
9,14,154.53,124,0.091,0.541,6.00,6.00,,2.67
9,15,157.61,93,0.029,0.147,4.75,6.00,,2.75
9,16,154.33,5,0.027,0.234,5.67,6.00,,2.67
9,17,150.69,5,0.103,1.150,6.00,6.00,,2.33
9,18,152.86,5,0.113,0.447,6.00,6.00,,2.58
9,19,155.72,5,0.033,0.193,6.00,6.00,,2.50
9,20,163.69,5,0.035,0.099,6.00,4.75,,2.50
9,21,169.89,5,0.035,0.078,6.00,4.33,,2.42
9,22,170.00,5,0.041,0.093,5.92,4.42,,2.42
9,23,168.69,5,0.046,0.147,6.00,4.75,,2.33
9,24,172.00,5,0.038,0.102,5.08,4.50,,2.33
9,25,170.28,88,0.092,0.213,5.08,4.67,,2.25
9,26,177.64,5,0.040,0.091,4.58,4.25,,2.25
9,27,197.53,5,0.021,0.032,5.17,4.00,,2.17
9,28,197.19,5,0.023,0.038,4.17,3.75,,2.17
9,29,185.42,5,0.033,0.064,4.42,3.92,,2.17
9,30,169.33,5,0.047,0.105,4.67,4.25,,2.08
10,0,169.50,107,0.022,0.075,3.83,3.83,,
10,1,169.53,4,0.016,0.079,4.58,4.25,,
10,2,161.58,66,0.037,0.133,4.25,4.58,,
10,3,160.39,102,0.053,0.212,4.33,6.00,,3.42
10,4,159.47,4,0.046,0.241,4.75,6.00,,3.25
10,5,172.28,4,0.032,0.096,4.33,4.42,,
10,6,172.19,105,0.067,0.137,4.33,4.25,,
10,7,172.06,101,0.054,0.128,4.17,4.17,,
10,8,171.83,123,0.039,0.191,4.00,4.58,,3.25
10,9,172.28,100,0.029,0.078,4.50,4.08,,3.75
10,10,167.69,4,0.032,0.105,5.58,4.67,,3.67
10,11,158.19,4,0.052,0.224,6.00,6.00,,3.58
10,12,155.36,106,0.064,0.424,5.25,6.00,,2.83
10,13,156.81,70,0.030,0.281,5.00,6.00,,2.75
10,14,157.47,4,0.035,0.191,5.33,6.00,,2.75
10,15,163.92,4,0.029,0.124,5.83,6.00,,2.67
10,16,174.72,4,0.022,0.092,5.50,6.00,,2.67
10,17,169.86,4,0.024,0.194,5.92,6.00,,2.67
10,18,157.69,66,0.112,0.415,6.00,6.00,,2.58
10,19,170.17,4,0.032,0.128,6.00,6.00,,2.50
10,20,179.64,4,0.033,0.069,5.75,4.42,,2.50
10,21,183.75,4,0.034,0.053,5.25,3.92,,2.42
10,22,180.64,4,0.042,0.086,5.42,4.08,,2.42
10,23,177.86,4,0.045,0.104,5.33,4.25,,2.42
10,24,180.58,4,0.043,0.097,4.92,4.25,,2.33
10,25,175.25,4,0.083,0.205,4.92,4.42,,2.33
10,26,180.47,4,0.050,0.110,4.33,4.08,,2.25
10,27,189.83,4,0.035,0.062,4.00,3.67,,2.25
10,28,190.08,4,0.034,0.055,3.92,3.58,,2.17
10,29,189.11,79,0.036,0.061,3.83,3.58,,2.17
10,30,182.08,4,0.039,0.082,4.33,4.17,,2.08
11,0,164.81,3,0.038,0.233,4.50,4.67,,3.00
11,1,181.11,3,0.015,0.073,4.33,4.33,,
11,2,167.69,3,0.024,0.109,4.92,4.83,,
11,3,162.06,50,0.026,0.207,4.42,6.00,,4.00
11,4,157.08,61,0.074,0.453,5.00,6.00,,2.67
11,5,168.97,3,0.031,0.147,5.17,6.00,,
11,6,171.22,68,0.060,0.133,4.42,4.33,,
11,7,170.11,48,0.047,0.159,5.00,4.58,,3.92
11,8,171.86,48,0.028,0.072,5.17,4.33,,3.83
11,9,168.08,3,0.032,0.107,5.83,4.67,,3.75
11,10,157.69,3,0.034,0.169,5.42,6.00,,3.75
11,11,156.86,89,0.053,0.447,4.75,6.00,,2.58
11,12,158.28,54,0.038,0.180,4.92,6.00,,2.83
11,13,164.64,3,0.026,0.113,5.67,6.00,,2.83
11,14,168.78,3,0.028,0.102,5.00,4.50,,2.83
11,15,175.31,3,0.036,0.116,4.75,4.42,,2.75
11,16,188.25,3,0.017,0.058,4.67,4.33,,2.67
11,17,183.89,3,0.020,0.085,5.50,6.00,,2.67
11,18,164.03,3,0.123,0.362,6.00,6.00,,2.67
11,19,175.53,3,0.033,0.107,5.42,6.00,,2.58
11,20,185.31,3,0.035,0.072,5.17,4.42,,2.50
11,21,199.00,3,0.029,0.044,4.92,3.75,,2.50
11,22,192.89,3,0.039,0.069,4.58,3.75,,2.42
11,23,193.61,3,0.038,0.060,5.00,3.83,,2.42
11,24,189.03,3,0.047,0.098,4.58,4.00,,2.42
11,25,184.03,3,0.068,0.157,4.58,4.25,,2.33
11,26,188.47,3,0.038,0.065,4.67,4.00,,2.25
11,27,187.92,69,0.049,0.095,3.92,3.92,,2.25
11,28,182.64,62,0.082,0.156,4.25,4.00,,2.25
11,29,188.81,44,0.031,0.069,4.17,4.17,,2.17
11,30,184.44,3,0.033,0.076,4.42,4.50,,2.17
12,0,183.08,4,0.024,0.076,4.42,4.33,,
12,1,184.36,62,0.028,0.073,4.00,4.00,,
12,2,174.39,4,0.033,0.115,5.00,4.75,,
12,3,162.14,4,0.039,0.264,5.58,6.00,,3.58
12,4,155.58,98,0.168,1.456,6.00,6.00,5.00,2.17
12,5,163.69,4,0.030,0.247,6.00,6.00,,3.83
12,6,166.17,4,0.041,0.133,5.25,6.00,,
12,7,160.75,4,0.053,0.233,6.00,6.00,,3.33
12,8,160.61,4,0.034,0.222,5.75,6.00,,3.75
12,9,159.64,50,0.032,0.228,5.75,6.00,,3.75
12,10,155.92,95,0.047,0.374,4.83,6.00,,2.83
12,11,158.08,83,0.040,0.169,4.42,6.00,,3.00
12,12,161.06,4,0.039,0.142,5.58,6.00,,2.92
12,13,174.97,4,0.023,0.088,4.92,4.58,,2.92
12,14,187.06,4,0.019,0.059,4.50,4.17,,2.83
12,15,186.42,4,0.036,0.104,4.17,4.08,,2.83
12,16,192.44,4,0.022,0.062,3.75,3.83,,2.75
12,17,180.64,4,0.043,0.156,4.58,4.83,,2.67
12,18,171.42,4,0.123,0.393,6.00,6.00,,2.67
12,19,171.47,4,0.118,0.324,6.00,5.75,,2.58
12,20,187.14,4,0.040,0.097,4.83,4.42,,2.50
12,21,200.86,4,0.032,0.048,4.42,3.58,,2.50
12,22,202.14,4,0.031,0.045,4.08,3.42,,2.50
12,23,199.33,4,0.036,0.058,4.17,3.50,,2.42
12,24,192.53,4,0.049,0.095,4.17,3.83,,2.42
12,25,190.22,50,0.055,0.114,4.25,4.08,,2.33
12,26,202.03,4,0.028,0.045,4.33,4.00,,2.33
12,27,190.92,4,0.041,0.081,4.50,4.25,,2.25
12,28,182.42,4,0.087,0.198,4.75,4.58,,2.25
12,29,176.83,4,0.097,0.261,5.00,6.00,,2.17
12,30,169.97,4,0.093,0.295,5.42,6.00,,2.17
13,0,198.72,5,0.015,0.036,5.08,4.17,,
13,1,185.56,5,0.044,0.100,4.17,4.17,,
13,2,181.50,5,0.043,0.126,4.83,4.58,,
13,3,168.92,5,0.047,0.200,6.00,6.00,,3.92
13,4,155.94,5,0.089,0.545,6.00,6.00,,2.75
13,5,156.72,107,0.071,0.427,6.00,6.00,,2.83
13,6,157.53,95,0.041,0.222,5.33,6.00,,3.67
13,7,155.72,118,0.173,0.668,6.00,6.00,5.08,2.50
13,8,155.39,124,0.184,1.336,6.00,6.00,4.83,2.25
13,9,156.31,66,0.035,0.345,5.25,6.00,,3.25
13,10,155.72,70,0.091,1.212,6.00,6.00,,2.25
13,11,157.64,5,0.053,0.298,6.00,6.00,,3.08
13,12,164.81,5,0.062,0.190,6.00,5.00,,3.00
13,13,185.25,5,0.023,0.086,4.50,4.50,,2.92
13,14,196.47,5,0.020,0.058,3.83,4.00,,2.92
13,15,193.78,5,0.039,0.083,3.83,3.83,,2.83
13,16,192.86,5,0.037,0.079,3.83,3.75,,2.75
13,17,188.06,5,0.048,0.118,4.25,4.25,,2.75
13,18,186.78,5,0.033,0.134,5.17,5.25,,2.67
13,19,174.58,95,0.137,0.334,5.25,5.25,,2.67
13,20,190.67,5,0.038,0.085,5.17,4.42,,2.58
13,21,200.64,5,0.032,0.054,4.25,3.67,,2.50
13,22,197.47,5,0.048,0.088,4.00,3.58,,2.50
13,23,198.00,5,0.039,0.069,4.25,3.67,,2.42
13,24,195.33,5,0.043,0.087,4.25,3.92,,2.42
13,25,192.42,111,0.048,0.110,4.17,4.17,,2.42
13,26,194.42,5,0.038,0.074,4.75,4.33,,2.33
13,27,192.53,5,0.039,0.100,4.42,4.67,,2.33
13,28,193.22,5,0.027,0.093,4.92,6.00,,2.25
13,29,180.47,5,0.037,0.193,5.42,6.00,,2.25
13,30,166.61,5,0.098,0.717,6.00,6.00,,2.17
14,0,194.86,5,0.029,0.070,4.00,4.17,,
14,1,190.36,67,0.050,0.123,4.08,4.25,,
14,2,185.39,5,0.052,0.132,4.50,4.42,,
14,3,176.33,5,0.052,0.159,5.75,4.83,,4.17
14,4,167.53,5,0.054,0.190,6.00,6.00,,4.00
14,5,157.75,5,0.056,0.252,6.00,6.00,,3.42
14,6,158.08,77,0.043,0.184,5.33,6.00,,4.42
14,7,157.06,97,0.149,0.542,6.00,6.00,,2.67
14,8,163.78,5,0.041,0.276,6.00,6.00,,3.17
14,9,172.58,5,0.034,0.149,6.00,6.00,,3.17
14,10,167.97,5,0.033,0.229,5.58,6.00,,3.17
14,11,175.03,5,0.028,0.112,4.92,6.00,,3.08
14,12,173.03,5,0.064,0.182,4.92,4.75,,3.08
14,13,186.17,5,0.068,0.164,4.67,4.42,,3.00
14,14,197.44,5,0.041,0.089,3.92,3.92,,2.92
14,15,201.25,5,0.040,0.076,3.83,3.67,,2.83
14,16,205.64,5,0.027,0.052,3.83,3.67,,2.83
14,17,198.44,5,0.033,0.076,4.00,4.08,,2.75
14,18,189.78,5,0.050,0.130,4.58,4.67,,2.75
14,19,178.56,67,0.134,0.337,5.25,4.92,,2.67
14,20,185.56,5,0.059,0.161,4.50,4.42,,2.58
14,21,195.06,5,0.051,0.102,4.17,3.83,,2.58
14,22,195.19,5,0.068,0.121,4.17,3.75,,2.50
14,23,191.39,107,0.093,0.181,4.42,3.92,,2.50
14,24,189.81,97,0.116,0.259,4.83,4.25,,2.42
14,25,184.86,104,0.139,0.293,5.00,4.50,,2.33
14,26,183.47,101,0.156,0.292,5.25,4.67,4.58,2.33
14,27,179.81,91,0.164,0.308,5.42,4.83,4.50,2.33
14,28,177.53,5,0.155,0.343,5.83,6.00,5.08,2.25
14,29,170.03,118,0.188,0.778,5.75,6.00,4.33,2.25
14,30,174.36,66,0.032,0.184,4.75,6.00,,2.17
15,0,191.83,87,0.118,0.282,4.67,4.58,,2.67
15,1,193.75,4,0.044,0.093,4.00,4.08,,
15,2,188.94,50,0.055,0.119,4.17,4.17,,
15,3,185.78,4,0.049,0.119,4.58,4.42,,
15,4,180.08,4,0.053,0.128,6.00,4.83,,
15,5,172.22,4,0.052,0.137,6.00,6.00,,
15,6,168.36,4,0.050,0.173,6.00,6.00,,4.75
15,7,160.72,71,0.152,0.463,6.00,6.00,5.83,2.75
15,8,166.42,4,0.057,0.214,6.00,6.00,,3.08
15,9,179.64,4,0.031,0.098,5.67,6.00,,3.17
15,10,187.22,4,0.024,0.081,5.00,6.00,,3.08
15,11,193.25,4,0.020,0.070,4.17,4.58,,3.08
15,12,194.31,4,0.019,0.058,4.58,4.42,,3.00
15,13,194.19,4,0.067,0.135,4.17,4.17,,3.00
15,14,200.42,4,0.045,0.088,3.92,3.75,,2.92
15,15,206.83,4,0.040,0.066,3.75,3.50,,2.83
15,16,209.67,4,0.029,0.043,3.75,3.50,,2.83
15,17,200.03,4,0.037,0.071,4.00,3.92,,2.75
15,18,191.03,4,0.112,0.202,4.83,4.50,,2.75
15,19,186.44,4,0.107,0.216,4.92,4.58,,2.67
15,20,200.50,4,0.031,0.058,5.00,4.33,,2.58
15,21,197.89,4,0.048,0.080,3.92,3.67,,2.58
15,22,200.83,4,0.037,0.055,4.17,3.67,,2.58
15,23,195.81,4,0.044,0.075,4.25,3.75,,2.50
15,24,191.56,78,0.057,0.116,4.08,3.92,,2.50
15,25,191.78,69,0.041,0.080,4.33,3.92,,2.42
15,26,189.78,68,0.041,0.091,4.33,4.17,,2.33
15,27,186.42,48,0.042,0.104,4.42,4.33,,2.33
15,28,179.53,54,0.045,0.127,4.33,4.67,,2.33
15,29,178.08,75,0.043,0.144,4.17,6.00,,2.25
15,30,176.03,74,0.034,0.116,4.17,6.00,,2.25
16,0,195.25,3,0.093,0.135,4.42,4.17,,
16,1,200.97,3,0.037,0.064,3.92,4.00,,
16,2,194.58,3,0.044,0.081,4.08,4.00,,
16,3,189.67,47,0.044,0.095,4.25,4.25,,
16,4,183.17,48,0.072,0.141,4.58,4.58,,
16,5,179.42,43,0.054,0.115,5.00,4.75,,
16,6,172.42,3,0.073,0.188,6.00,6.00,,4.08
16,7,164.25,62,0.150,0.439,6.00,6.00,,2.75
16,8,169.56,46,0.108,0.269,6.00,6.00,,3.08
16,9,176.06,54,0.113,0.260,6.00,6.00,,3.08
16,10,178.94,52,0.118,0.235,5.08,4.92,,3.08
16,11,185.33,3,0.112,0.240,5.00,4.75,,3.00
16,12,194.25,3,0.048,0.114,4.00,4.25,,3.00
16,13,196.11,3,0.069,0.123,4.08,3.92,,2.92
16,14,201.17,3,0.051,0.088,3.92,3.67,,2.83
16,15,208.56,3,0.032,0.048,3.75,3.50,,2.83
16,16,205.97,3,0.046,0.071,3.83,3.50,,2.75
16,17,198.31,3,0.070,0.127,4.17,4.00,,2.75
16,18,191.50,66,0.117,0.204,4.58,4.25,,2.67
16,19,193.67,3,0.049,0.095,4.17,4.08,,2.67
16,20,198.08,3,0.040,0.066,4.17,3.92,,2.58
16,21,193.19,3,0.057,0.102,4.25,3.83,,2.58
16,22,192.31,3,0.055,0.099,4.50,4.00,,2.50
16,23,194.28,3,0.044,0.069,4.42,3.75,,2.50
16,24,194.03,3,0.042,0.062,4.25,3.58,,2.42
16,25,192.53,3,0.042,0.066,4.08,3.58,,2.42
16,26,189.53,68,0.048,0.085,4.08,3.75,,2.33
16,27,187.47,56,0.041,0.073,4.17,3.83,,2.33
16,28,185.31,3,0.029,0.063,4.75,4.17,,2.25
16,29,175.67,3,0.030,0.114,5.08,6.00,,2.25
16,30,169.08,3,0.034,0.149,5.17,6.00,,2.17
17,0,199.69,4,0.089,0.103,4.33,3.92,,
17,1,199.28,4,0.078,0.114,4.00,3.92,,
17,2,192.92,4,0.100,0.174,4.42,4.17,,3.33
17,3,188.61,81,0.139,0.249,4.92,4.50,,2.83
17,4,184.83,4,0.133,0.246,5.25,4.75,,3.00
17,5,178.89,61,0.116,0.215,5.33,4.92,,3.25
17,6,178.47,4,0.111,0.225,6.00,5.92,,3.42
17,7,168.08,62,0.130,0.369,6.00,6.00,,2.92
17,8,167.14,4,0.124,0.681,6.00,6.00,,2.50
17,9,182.81,4,0.036,0.132,5.50,6.00,,3.00
17,10,191.97,4,0.028,0.078,4.75,4.67,,3.00
17,11,190.97,4,0.102,0.204,4.83,4.58,,2.92
17,12,193.00,4,0.109,0.212,4.58,4.25,,2.92
17,13,196.58,4,0.078,0.136,4.25,3.92,,2.83
17,14,202.58,4,0.058,0.092,4.00,3.67,,2.83
17,15,204.89,4,0.046,0.068,3.83,3.50,,2.75
17,16,204.81,4,0.054,0.086,3.83,3.58,,2.75
17,17,199.19,4,0.071,0.117,4.17,3.83,,2.67
17,18,196.08,4,0.088,0.130,4.25,3.92,,2.67
17,19,201.50,4,0.035,0.054,4.17,3.83,,2.58
17,20,191.94,4,0.055,0.091,4.25,3.92,,2.58
17,21,187.11,60,0.080,0.152,4.58,4.17,,2.50
17,22,183.11,4,0.089,0.197,5.00,4.50,,2.50
17,23,186.08,4,0.052,0.099,4.83,4.25,,2.42
17,24,185.17,4,0.054,0.107,4.92,4.25,,2.42
17,25,188.78,4,0.042,0.070,4.75,3.92,,2.33
17,26,186.11,4,0.043,0.084,5.25,4.08,,2.33
17,27,178.06,4,0.043,0.095,5.17,4.25,,2.25
17,28,168.83,4,0.036,0.102,5.00,4.58,,2.25
17,29,164.00,4,0.029,0.168,5.50,6.00,,2.17
17,30,157.28,4,0.037,0.291,5.17,6.00,,2.17
18,0,205.64,5,0.084,0.094,4.17,3.67,,
18,1,205.33,5,0.066,0.085,3.92,3.75,,
18,2,198.47,5,0.073,0.112,4.17,4.00,,
18,3,192.56,5,0.100,0.158,4.42,4.17,,3.67
18,4,192.00,76,0.061,0.113,4.25,4.25,,
18,5,190.03,5,0.050,0.099,4.83,4.50,,
18,6,183.33,5,0.052,0.118,5.75,5.17,,
18,7,168.89,5,0.100,0.293,6.00,6.00,,3.08
18,8,169.31,72,0.108,0.341,6.00,6.00,,2.92
18,9,180.97,5,0.048,0.161,5.58,6.00,,3.08
18,10,192.17,5,0.034,0.076,4.50,4.33,,3.00
18,11,198.78,5,0.027,0.060,4.08,4.08,,3.00
18,12,197.89,5,0.059,0.115,4.00,3.92,,2.92
18,13,200.50,5,0.050,0.087,4.00,3.75,,2.83
18,14,207.08,5,0.034,0.057,3.92,3.83,,2.83
18,15,202.11,5,0.079,0.125,4.17,3.92,,2.75
18,16,205.36,5,0.037,0.059,3.92,3.83,,2.75
18,17,199.78,5,0.049,0.080,4.00,3.83,,2.67
18,18,193.31,5,0.099,0.154,4.42,4.08,,2.67
18,19,199.44,5,0.041,0.065,4.25,4.00,,2.58
18,20,190.47,5,0.060,0.106,4.33,4.17,,2.58
18,21,184.17,5,0.089,0.187,4.75,4.58,,2.50
18,22,177.25,96,0.135,0.307,5.25,4.83,,2.42
18,23,176.44,5,0.134,0.277,5.75,5.08,,2.42
18,24,174.08,5,0.094,0.210,6.00,5.33,,2.33
18,25,175.89,5,0.045,0.091,5.50,4.67,,2.33
18,26,169.17,5,0.044,0.110,5.58,4.75,,2.25
18,27,164.17,5,0.038,0.113,5.83,4.75,,2.25
18,28,157.14,5,0.039,0.155,4.75,6.00,,2.17
18,29,154.06,82,0.075,0.448,5.33,6.00,,2.17
18,30,152.39,5,0.125,1.007,5.50,6.00,,2.08
19,0,209.08,4,0.078,0.079,3.92,3.42,,
19,1,209.72,4,0.051,0.055,3.83,3.50,,
19,2,202.53,4,0.063,0.081,3.92,3.75,,
19,3,196.94,4,0.086,0.115,4.17,3.92,,
19,4,196.19,4,0.056,0.083,4.00,3.92,,
19,5,193.08,4,0.048,0.078,4.33,4.08,,
19,6,186.33,4,0.049,0.090,5.50,4.58,,
19,7,171.58,4,0.103,0.217,6.00,4.92,,3.17
19,8,170.06,4,0.094,0.252,6.00,5.33,,3.08
19,9,182.64,4,0.064,0.169,5.42,4.75,,3.08
19,10,187.69,4,0.060,0.153,4.25,4.42,,3.08
19,11,197.03,4,0.043,0.103,4.08,4.17,,3.00
19,12,198.97,4,0.042,0.076,3.92,3.75,,3.00
19,13,209.92,4,0.029,0.048,4.00,3.75,,2.92
19,14,206.81,4,0.042,0.085,3.92,4.00,,2.83
19,15,197.31,4,0.121,0.376,4.58,4.67,,2.42
19,16,201.08,4,0.046,0.104,4.00,4.42,,2.67
19,17,199.61,4,0.046,0.108,4.08,4.50,,2.67
19,18,189.61,67,0.116,0.219,4.67,4.50,,2.58
19,19,190.47,4,0.052,0.108,4.42,4.50,,2.58
19,20,192.03,80,0.041,0.069,4.42,4.33,,2.50
19,21,189.67,56,0.046,0.089,4.75,4.67,,2.50
19,22,179.25,4,0.051,0.122,5.00,5.00,,2.42
19,23,172.92,4,0.106,0.244,6.00,6.00,,2.42
19,24,166.19,4,0.109,0.319,6.00,6.00,,2.33
19,25,157.58,4,0.074,0.277,6.00,6.00,,2.25
19,26,156.14,4,0.049,0.224,6.00,6.00,,2.25
19,27,155.69,65,0.034,0.169,4.67,6.00,,2.17
19,28,154.67,116,0.045,0.232,4.25,6.00,,2.17
19,29,154.39,81,0.047,0.324,4.58,6.00,,2.08
19,30,155.14,4,0.019,0.167,4.33,6.00,,2.08
20,0,212.36,3,0.036,0.033,4.08,3.58,,
20,1,207.03,3,0.080,0.081,4.00,3.50,,
20,2,201.11,3,0.100,0.115,4.25,3.75,,
20,3,198.81,3,0.098,0.118,4.42,4.00,,
20,4,191.78,3,0.093,0.128,4.50,4.17,,
20,5,185.83,3,0.093,0.144,4.92,4.42,,
20,6,180.72,3,0.092,0.158,6.00,4.67,,4.08
20,7,171.94,86,0.112,0.191,4.92,4.67,,3.25
20,8,179.61,3,0.046,0.102,5.75,4.75,,3.25
20,9,187.14,3,0.039,0.085,4.75,4.50,,3.17
20,10,195.94,3,0.028,0.062,5.00,4.50,,3.08
20,11,194.31,3,0.088,0.262,4.42,4.58,,2.83
20,12,197.06,3,0.073,0.131,4.25,4.08,,2.92
20,13,202.50,3,0.045,0.078,4.00,3.92,,2.83
20,14,204.44,3,0.043,0.081,4.00,4.17,,2.83
20,15,197.44,3,0.057,0.128,4.08,4.58,,2.75
20,16,193.53,3,0.087,0.348,4.50,5.17,,2.75
20,17,195.22,3,0.045,0.111,4.17,4.75,,2.67
20,18,187.44,3,0.123,0.257,5.00,4.92,,2.58
20,19,182.86,3,0.129,0.267,5.17,5.08,,2.50
20,20,182.22,3,0.130,0.230,5.42,5.42,,2.50
20,21,182.03,3,0.136,0.209,5.67,5.83,,2.42
20,22,176.31,3,0.133,0.221,6.00,6.00,,2.42
20,23,167.81,3,0.127,0.292,6.00,6.00,,2.33
20,24,155.31,3,0.131,0.426,6.00,6.00,,2.25
20,25,153.00,3,0.173,0.936,6.00,6.00,4.92,2.25
20,26,153.06,3,0.059,0.264,4.58,6.00,,2.17
20,27,153.03,3,0.055,0.485,4.67,6.00,,2.17
20,28,157.61,49,0.021,0.123,4.25,6.00,,2.08
20,29,162.22,3,0.012,0.085,4.75,6.00,,2.08
20,30,169.22,3,0.014,0.049,5.42,6.00,,2.08
