# REAL elevation (pysheds dem.tif, Fort Worth TX); imperv/pop/shelter = terrain-derived proxies
row,col,elev_m,pop,imperv,role
0,0,196.500,5.0,0.64,
0,1,197.750,5.0,0.59,shelter
0,2,195.028,5.0,0.59,
0,3,190.278,96.9,0.57,
0,4,188.000,87.7,0.54,
0,5,183.056,5.0,0.47,
0,6,179.472,133.6,0.70,
0,7,180.861,80.4,0.52,
0,8,180.139,85.3,0.53,
0,9,183.139,5.0,0.46,
0,10,191.972,87.9,0.54,
0,11,189.639,93.5,0.56,
0,12,187.556,69.6,0.48,
0,13,185.861,89.6,0.55,
0,14,178.361,5.0,0.35,
0,15,170.667,5.0,0.30,
0,16,163.056,123.2,0.66,
0,17,167.111,71.6,0.49,
0,18,173.111,5.0,0.46,
0,19,179.000,5.0,0.43,
0,20,181.972,5.0,0.45,
0,21,181.306,94.5,0.57,
0,22,183.056,93.1,0.56,
0,23,177.611,80.7,0.52,
0,24,174.083,97.7,0.58,
0,25,169.694,109.5,0.62,
0,26,171.083,135.0,0.70,
0,27,167.417,128.4,0.68,
0,28,169.083,83.3,0.53,
0,29,172.139,69.0,0.48,
0,30,173.500,5.0,0.47,
1,0,194.139,4.2,0.67,
1,1,194.139,4.2,0.61,
1,2,194.083,4.2,0.69,
1,3,192.583,4.2,0.69,
1,4,191.361,97.4,0.64,
1,5,188.250,57.0,0.48,
1,6,180.167,4.2,0.47,
1,7,175.361,97.9,0.64,
1,8,175.139,88.7,0.60,
1,9,179.722,4.2,0.41,
1,10,188.278,4.2,0.39,
1,11,185.750,4.2,0.45,
1,12,181.472,63.5,0.50,
1,13,184.528,94.6,0.63,
1,14,184.111,86.4,0.60,
1,15,178.083,4.2,0.25,
1,16,161.889,4.2,0.44,
1,17,163.472,71.3,0.54,
1,18,169.556,57.3,0.48,
1,19,172.806,59.5,0.49,
1,20,174.972,4.2,0.43,
1,21,176.944,70.2,0.53,
1,22,178.944,77.3,0.56,
1,23,174.444,86.1,0.59,
1,24,175.306,90.5,0.61,
1,25,172.528,97.2,0.64,
1,26,171.417,68.4,0.52,
1,27,166.028,71.7,0.54,
1,28,164.361,70.0,0.53,
1,29,166.111,61.6,0.50,
1,30,166.944,68.7,0.52,
2,0,192.556,3.1,0.56,
2,1,191.278,80.7,0.69,
2,2,192.583,3.1,0.71,
2,3,191.083,80.5,0.69,
2,4,191.000,77.5,0.67,
2,5,189.528,59.4,0.57,
2,6,182.639,50.7,0.53,
2,7,179.694,52.6,0.54,
2,8,174.778,63.4,0.60,
2,9,173.500,79.5,0.68,
2,10,175.750,3.1,0.42,
2,11,177.111,3.1,0.38,
2,12,175.917,3.1,0.46,
2,13,180.694,41.9,0.48,
2,14,181.889,53.9,0.54,
2,15,179.806,3.1,0.36,
2,16,164.250,3.1,0.32,
2,17,160.361,74.1,0.65,
2,18,164.250,3.1,0.44,
2,19,167.778,3.1,0.44,
2,20,167.278,3.1,0.47,
2,21,171.667,48.6,0.51,
2,22,174.333,46.1,0.50,
2,23,171.167,46.2,0.50,
2,24,167.806,3.1,0.39,
2,25,166.083,3.1,0.31,
2,26,162.500,3.1,0.29,
2,27,160.139,3.1,0.44,
2,28,158.611,48.7,0.52,
2,29,160.361,50.9,0.53,
2,30,162.917,42.5,0.48,
3,0,185.500,53.2,0.50,
3,1,191.278,75.0,0.61,
3,2,192.306,92.3,0.69,
3,3,190.139,84.9,0.65,
3,4,188.028,83.1,0.64,
3,5,187.917,84.5,0.65,
3,6,184.194,73.1,0.60,
3,7,181.778,71.0,0.59,
3,8,179.083,62.8,0.55,
3,9,176.694,64.3,0.56,
3,10,172.806,66.6,0.57,
3,11,168.139,81.2,0.64,
3,12,168.083,64.5,0.56,
3,13,173.083,3.5,0.41,
3,14,174.361,3.5,0.44,
3,15,172.889,3.5,0.40,
3,16,168.444,3.5,0.45,
3,17,158.917,54.6,0.51,
3,18,157.028,75.6,0.61,
3,19,158.472,3.5,0.43,
3,20,162.083,54.3,0.51,
3,21,168.278,72.1,0.59,
3,22,167.139,60.1,0.54,
3,23,164.611,48.2,0.48,
3,24,158.889,3.5,0.39,
3,25,152.417,3.5,0.38,
3,26,150.500,3.5,0.45,
3,27,151.917,3.5,0.52,
3,28,153.222,3.5,0.65,
3,29,156.444,84.5,0.65,
3,30,155.250,71.2,0.59,
4,0,190.417,100.1,0.60,
4,1,191.917,108.1,0.63,
4,2,189.889,81.8,0.54,
4,3,189.361,119.5,0.67,
4,4,186.500,128.0,0.70,
4,5,186.833,131.0,0.71,
4,6,186.528,135.2,0.72,
4,7,185.500,120.3,0.67,
4,8,182.917,110.2,0.63,
4,9,180.306,110.8,0.64,
4,10,177.528,105.1,0.62,
4,11,174.417,78.2,0.52,
4,12,168.139,91.3,0.57,
4,13,165.833,70.2,0.49,
4,14,167.194,4.8,0.45,
4,15,164.333,4.8,0.45,
4,16,161.250,71.0,0.50,
4,17,159.750,117.4,0.66,
4,18,157.556,104.1,0.61,
4,19,153.278,4.8,0.65,
4,20,161.250,4.8,0.46,
4,21,166.139,107.1,0.62,
4,22,164.806,98.0,0.59,
4,23,161.278,79.2,0.53,
4,24,156.056,69.9,0.49,
4,25,150.583,4.8,0.58,
4,26,148.139,4.8,0.72,
4,27,149.639,4.8,0.54,
4,28,157.722,103.1,0.61,
4,29,156.139,116.7,0.66,
4,30,155.611,126.8,0.69,
5,0,179.000,4.8,0.25,
5,1,185.472,4.8,0.25,
5,2,182.444,4.8,0.38,
5,3,188.139,108.3,0.63,shelter
5,4,188.111,107.3,0.63,
5,5,185.889,120.1,0.67,
5,6,184.361,113.1,0.65,
5,7,183.000,104.2,0.62,
5,8,180.833,94.4,0.58,
5,9,176.806,99.7,0.60,
5,10,175.111,110.7,0.64,
5,11,173.444,95.1,0.58,
5,12,168.889,65.4,0.48,
5,13,161.000,76.5,0.52,
5,14,160.139,88.9,0.56,
5,15,159.750,97.3,0.59,
5,16,157.361,107.4,0.63,
5,17,156.722,115.7,0.66,
5,18,157.667,132.5,0.71,
5,19,155.861,71.1,0.50,
5,20,157.472,77.2,0.52,
5,21,163.444,91.9,0.57,
5,22,161.417,90.9,0.57,
5,23,158.583,77.8,0.52,
5,24,153.083,4.8,0.59,
5,25,151.472,4.8,0.68,
5,26,149.778,4.8,0.67,
5,27,148.639,4.8,0.70,
5,28,151.750,4.8,0.57,
5,29,152.583,4.8,0.60,
5,30,152.722,4.8,0.59,
6,0,164.694,3.5,0.31,
6,1,166.444,3.5,0.25,
6,2,172.389,3.5,0.25,
6,3,188.611,3.5,0.29,
6,4,191.944,94.6,0.70,
6,5,186.611,62.6,0.55,
6,6,182.556,72.4,0.60,
6,7,180.167,75.3,0.61,
6,8,177.806,77.8,0.62,
6,9,176.028,81.5,0.64,
6,10,173.417,73.7,0.60,
6,11,169.528,51.3,0.50,
6,12,164.861,49.1,0.49,
6,13,159.139,72.2,0.60,
6,14,158.333,83.5,0.65,
6,15,157.306,83.8,0.65,
6,16,156.222,92.5,0.69,
6,17,155.278,89.6,0.68,
6,18,159.000,59.2,0.53,
6,19,165.194,69.8,0.58,
6,20,153.417,3.5,0.55,
6,21,158.667,50.5,0.49,
6,22,157.694,56.0,0.52,
6,23,154.417,62.6,0.55,
6,24,153.028,3.5,0.69,
6,25,151.833,3.5,0.60,
6,26,150.667,3.5,0.49,
6,27,150.694,3.5,0.48,
6,28,150.139,3.5,0.71,
6,29,148.861,3.5,0.65,
6,30,147.861,3.5,0.63,outlet
7,0,158.444,81.3,0.69,
7,1,159.472,68.6,0.62,
7,2,161.833,3.1,0.25,
7,3,178.639,3.1,0.25,
7,4,189.083,51.4,0.53,
7,5,184.278,49.9,0.52,
7,6,180.972,61.0,0.58,
7,7,178.389,67.4,0.62,
7,8,176.417,69.5,0.63,
7,9,174.000,72.0,0.64,
7,10,172.556,55.7,0.55,
7,11,164.917,47.0,0.51,
7,12,161.778,56.5,0.56,
7,13,157.639,64.0,0.60,
7,14,155.750,76.3,0.66,
7,15,155.556,82.7,0.70,
7,16,155.556,81.5,0.69,
7,17,154.806,78.3,0.68,
7,18,154.889,58.2,0.57,
7,19,150.306,3.1,0.44,
7,20,150.444,3.1,0.72,
7,21,151.944,3.1,0.69,
7,22,151.250,3.1,0.66,
7,23,150.278,3.1,0.66,
7,24,154.139,42.3,0.48,
7,25,158.417,3.1,0.38,
7,26,162.250,3.1,0.33,
7,27,161.389,3.1,0.25,
7,28,152.611,3.1,0.25,
7,29,148.472,3.1,0.38,
7,30,147.444,3.1,0.64,outlet
8,0,162.806,73.0,0.54,
8,1,161.417,85.8,0.59,
8,2,156.250,84.6,0.59,
8,3,169.222,4.2,0.25,
8,4,183.083,4.2,0.31,
8,5,179.333,72.0,0.54,
8,6,177.111,88.6,0.60,
8,7,175.722,99.9,0.65,
8,8,173.972,97.2,0.64,
8,9,172.583,100.7,0.65,
8,10,171.028,78.1,0.56,
8,11,165.167,62.0,0.50,
8,12,159.250,61.9,0.50,
8,13,155.111,97.3,0.64,
8,14,154.833,119.5,0.72,
8,15,154.889,113.3,0.70,
8,16,153.583,108.4,0.68,
8,17,151.778,4.2,0.65,
8,18,151.500,4.2,0.70,
8,19,150.917,4.2,0.63,
8,20,153.639,4.2,0.45,
8,21,155.833,4.2,0.37,
8,22,153.583,4.2,0.35,
8,23,157.806,4.2,0.32,
8,24,162.972,4.2,0.32,
8,25,167.278,4.2,0.45,
8,26,170.639,4.2,0.37,
8,27,176.333,4.2,0.25,
8,28,179.000,4.2,0.25,
8,29,165.639,4.2,0.25,
8,30,152.639,4.2,0.25,
9,0,168.056,76.6,0.51,
9,1,163.306,83.8,0.53,
9,2,161.417,104.1,0.60,
9,3,158.361,67.8,0.48,
9,4,170.972,5.0,0.25,
9,5,176.028,99.0,0.58,
9,6,174.889,117.6,0.64,
9,7,174.583,120.4,0.65,
9,8,171.972,119.3,0.65,
9,9,170.222,121.0,0.65,
9,10,167.389,95.6,0.57,
9,11,162.278,5.0,0.45,
9,12,155.056,94.9,0.57,
9,13,154.472,138.8,0.71,
9,14,154.528,124.1,0.66,
9,15,157.611,93.0,0.56,
9,16,154.333,5.0,0.28,
9,17,150.694,5.0,0.37,
9,18,152.861,5.0,0.58,
9,19,155.722,5.0,0.29,
9,20,163.694,5.0,0.25,
9,21,169.889,5.0,0.25,
9,22,170.000,5.0,0.25,
9,23,168.694,5.0,0.33,
9,24,172.000,5.0,0.38,
9,25,170.278,88.4,0.54,
9,26,177.639,5.0,0.25,
9,27,197.528,5.0,0.25,
9,28,197.194,5.0,0.40,
9,29,185.417,5.0,0.25,
9,30,169.333,5.0,0.25,
10,0,169.500,107.1,0.68,
10,1,169.528,4.1,0.34,
10,2,161.583,66.2,0.52,
10,3,160.389,101.9,0.66,
10,4,159.472,4.1,0.37,
10,5,172.278,4.1,0.44,
10,6,172.194,104.9,0.67,
10,7,172.056,100.7,0.66,
10,8,171.833,122.8,0.74,
10,9,172.278,99.8,0.65,
10,10,167.694,4.1,0.39,
10,11,158.194,4.1,0.47,
10,12,155.361,105.8,0.68,
10,13,156.806,69.9,0.53,
10,14,157.472,4.1,0.41,
10,15,163.917,4.1,0.25,
10,16,174.722,4.1,0.25,
10,17,169.861,4.1,0.25,
10,18,157.694,65.8,0.51,
10,19,170.167,4.1,0.25,
10,20,179.639,4.1,0.25,
10,21,183.750,4.1,0.25,
10,22,180.639,4.1,0.25,
10,23,177.861,4.1,0.25,
10,24,180.583,4.1,0.39,
10,25,175.250,4.1,0.46,
10,26,180.472,4.1,0.37,
10,27,189.833,4.1,0.46,
10,28,190.083,4.1,0.44,
10,29,189.111,78.7,0.57,
10,30,182.083,4.1,0.32,
11,0,164.806,3.0,0.25,
11,1,181.111,3.0,0.43,
11,2,167.694,3.0,0.27,
11,3,162.056,50.0,0.52,
11,4,157.083,60.9,0.58,
11,5,168.972,3.0,0.40,
11,6,171.222,67.8,0.62,
11,7,170.111,47.9,0.51,
11,8,171.861,47.5,0.51,
11,9,168.083,3.0,0.35,
11,10,157.694,3.0,0.41,
11,11,156.861,89.1,0.74,
11,12,158.278,54.3,0.55,
11,13,164.639,3.0,0.31,
11,14,168.778,3.0,0.25,
11,15,175.306,3.0,0.25,
11,16,188.250,3.0,0.34,
11,17,183.889,3.0,0.25,
11,18,164.028,3.0,0.41,
11,19,175.528,3.0,0.30,
11,20,185.306,3.0,0.25,
11,21,199.000,3.0,0.36,
11,22,192.889,3.0,0.28,
11,23,193.611,3.0,0.29,
11,24,189.028,3.0,0.43,
11,25,184.028,3.0,0.43,
11,26,188.472,3.0,0.29,
11,27,187.917,68.6,0.63,
11,28,182.639,61.7,0.59,
11,29,188.806,43.7,0.49,
11,30,184.444,3.0,0.44,
12,0,183.083,3.5,0.25,
12,1,184.361,62.5,0.54,
12,2,174.389,3.5,0.25,
12,3,162.139,3.5,0.33,
12,4,155.583,97.6,0.71,
12,5,163.694,3.5,0.41,
12,6,166.167,3.5,0.46,
12,7,160.750,3.5,0.43,
12,8,160.611,3.5,0.40,
12,9,159.639,49.5,0.48,
12,10,155.917,95.0,0.70,
12,11,158.083,83.0,0.64,
12,12,161.056,3.5,0.37,
12,13,174.972,3.5,0.25,
12,14,187.056,3.5,0.25,
12,15,186.417,3.5,0.35,
12,16,192.444,3.5,0.59,
12,17,180.639,3.5,0.30,
12,18,171.417,3.5,0.25,
12,19,171.472,3.5,0.42,
12,20,187.139,3.5,0.25,
12,21,200.861,3.5,0.43,
12,22,202.139,3.5,0.65,
12,23,199.333,3.5,0.53,
12,24,192.528,3.5,0.52,
12,25,190.222,49.5,0.48,
12,26,202.028,3.5,0.62,
12,27,190.917,3.5,0.33,
12,28,182.417,3.5,0.38,
12,29,176.833,3.5,0.43,
12,30,169.972,3.5,0.28,
13,0,198.722,4.8,0.25,
13,1,185.556,4.8,0.37,
13,2,181.500,4.8,0.33,
13,3,168.917,4.8,0.25,
13,4,155.944,4.8,0.39,
13,5,156.722,106.6,0.62,
13,6,157.528,94.6,0.58,
13,7,155.722,118.0,0.66,
13,8,155.389,124.4,0.68,
13,9,156.306,65.5,0.48,
13,10,155.722,70.4,0.49,
13,11,157.639,4.8,0.35,
13,12,164.806,4.8,0.25,
13,13,185.250,4.8,0.25,
13,14,196.472,4.8,0.47,
13,15,193.778,4.8,0.43,
13,16,192.861,4.8,0.45,
13,17,188.056,4.8,0.35,
13,18,186.778,4.8,0.27,
13,19,174.583,95.0,0.58,
13,20,190.667,4.8,0.25,
13,21,200.639,4.8,0.56,
13,22,197.472,4.8,0.59,
13,23,198.000,4.8,0.58,
13,24,195.333,4.8,0.62,
13,25,192.417,111.0,0.64,
13,26,194.417,4.8,0.36,
13,27,192.528,4.8,0.51,
13,28,193.222,4.8,0.48,
13,29,180.472,4.8,0.25,
13,30,166.611,4.8,0.25,
14,0,194.861,4.7,0.51,
14,1,190.361,67.1,0.49,
14,2,185.389,4.7,0.42,
14,3,176.333,4.7,0.25,
14,4,167.528,4.7,0.25,
14,5,157.750,4.7,0.37,
14,6,158.083,77.1,0.52,
14,7,157.056,96.7,0.59,
14,8,163.778,4.7,0.35,
14,9,172.583,4.7,0.25,
14,10,167.972,4.7,0.25,
14,11,175.028,4.7,0.25,
14,12,173.028,4.7,0.25,
14,13,186.167,4.7,0.25,
14,14,197.444,4.7,0.42,
14,15,201.250,4.7,0.43,
14,16,205.639,4.7,0.39,
14,17,198.444,4.7,0.33,
14,18,189.778,4.7,0.32,
14,19,178.556,66.7,0.49,
14,20,185.556,4.7,0.35,
14,21,195.056,4.7,0.54,
14,22,195.194,4.7,0.65,
14,23,191.389,107.2,0.63,
14,24,189.806,96.9,0.59,
14,25,184.861,103.9,0.62,
14,26,183.472,101.0,0.61,
14,27,179.806,91.0,0.57,
14,28,177.528,4.7,0.40,
14,29,170.028,118.2,0.67,
14,30,174.361,65.5,0.48,
15,0,191.833,86.8,0.67,
15,1,193.750,3.5,0.52,
15,2,188.944,50.5,0.49,
15,3,185.778,3.5,0.41,
15,4,180.083,3.5,0.31,
15,5,172.222,3.5,0.25,
15,6,168.361,3.5,0.36,
15,7,160.722,71.1,0.59,
15,8,166.417,3.5,0.33,
15,9,179.639,3.5,0.31,
15,10,187.222,3.5,0.38,
15,11,193.250,3.5,0.49,
15,12,194.306,3.5,0.30,
15,13,194.194,3.5,0.50,
15,14,200.417,3.5,0.47,
15,15,206.833,3.5,0.50,
15,16,209.667,3.5,0.61,
15,17,200.028,3.5,0.36,
15,18,191.028,3.5,0.46,
15,19,186.444,3.5,0.37,
15,20,200.500,3.5,0.39,
15,21,197.889,3.5,0.71,
15,22,200.833,3.5,0.68,
15,23,195.806,3.5,0.55,
15,24,191.556,78.1,0.63,
15,25,191.778,69.3,0.58,
15,26,189.778,68.3,0.58,
15,27,186.417,47.8,0.48,
15,28,179.528,53.9,0.51,
15,29,178.083,74.6,0.61,
15,30,176.028,74.4,0.61,
16,0,195.250,3.1,0.46,
16,1,200.972,3.1,0.63,
16,2,194.583,3.1,0.50,
16,3,189.667,46.7,0.50,
16,4,183.167,48.5,0.51,
16,5,179.417,43.2,0.48,
16,6,172.417,3.1,0.37,
16,7,164.250,61.7,0.58,
16,8,169.556,46.4,0.50,
16,9,176.056,53.9,0.54,
16,10,178.944,51.9,0.53,
16,11,185.333,3.1,0.42,
16,12,194.250,3.1,0.52,
16,13,196.111,3.1,0.60,
16,14,201.167,3.1,0.48,
16,15,208.556,3.1,0.64,
16,16,205.972,3.1,0.51,
16,17,198.306,3.1,0.44,
16,18,191.500,65.8,0.61,
16,19,193.667,3.1,0.40,
16,20,198.083,3.1,0.57,
16,21,193.194,3.1,0.49,
16,22,192.306,3.1,0.38,
16,23,194.278,3.1,0.54,
16,24,194.028,3.1,0.61,
16,25,192.528,3.1,0.64,
16,26,189.528,68.2,0.62,
16,27,187.472,56.0,0.55,
16,28,185.306,3.1,0.41,
16,29,175.667,3.1,0.30,
16,30,169.083,3.1,0.27,
17,0,199.694,4.2,0.53,
17,1,199.278,4.2,0.58,
17,2,192.917,4.2,0.51,
17,3,188.611,81.2,0.57,
17,4,184.833,4.2,0.47,
17,5,178.889,60.9,0.49,
17,6,178.472,4.2,0.43,
17,7,168.083,61.6,0.49,
17,8,167.139,4.2,0.44,
17,9,182.806,4.2,0.25,
17,10,191.972,4.2,0.42,
17,11,190.972,4.2,0.47,
17,12,193.000,4.2,0.61,
17,13,196.583,4.2,0.53,
17,14,202.583,4.2,0.54,
17,15,204.889,4.2,0.61,
17,16,204.806,4.2,0.63,
17,17,199.194,4.2,0.56,
17,18,196.083,4.2,0.69,
17,19,201.500,4.2,0.60,
17,20,191.944,4.2,0.41,
17,21,187.111,59.5,0.48,
17,22,183.111,4.2,0.43,
17,23,186.083,4.2,0.37,
17,24,185.167,4.2,0.33,
17,25,188.778,4.2,0.40,
17,26,186.111,4.2,0.27,
17,27,178.056,4.2,0.25,
17,28,168.833,4.2,0.25,
17,29,164.000,4.2,0.25,
17,30,157.278,4.2,0.30,
18,0,205.639,5.0,0.55,
18,1,205.333,5.0,0.48,
18,2,198.472,5.0,0.41,
18,3,192.556,5.0,0.53,
18,4,192.000,76.5,0.51,
18,5,190.028,5.0,0.40,
18,6,183.333,5.0,0.28,
18,7,168.889,5.0,0.45,
18,8,169.306,71.5,0.49,
18,9,180.972,5.0,0.27,
18,10,192.167,5.0,0.36,
18,11,198.778,5.0,0.57,
18,12,197.889,5.0,0.62,
18,13,200.500,5.0,0.41,
18,14,207.083,5.0,0.65,
18,15,202.111,5.0,0.59,
18,16,205.361,5.0,0.66,
18,17,199.778,5.0,0.50,
18,18,193.306,5.0,0.61,
18,19,199.444,5.0,0.51,
18,20,190.472,5.0,0.43,
18,21,184.167,5.0,0.47,
18,22,177.250,95.5,0.57,
18,23,176.444,5.0,0.47,
18,24,174.083,5.0,0.35,
18,25,175.889,5.0,0.25,
18,26,169.167,5.0,0.25,
18,27,164.167,5.0,0.25,
18,28,157.139,5.0,0.38,
18,29,154.056,82.3,0.52,
18,30,152.389,5.0,0.67,
19,0,209.083,4.1,0.61,
19,1,209.722,4.1,0.61,shelter
19,2,202.528,4.1,0.48,
19,3,196.944,4.1,0.56,
19,4,196.194,4.1,0.67,
19,5,193.083,4.1,0.52,
19,6,186.333,4.1,0.29,
19,7,171.583,4.1,0.40,
19,8,170.056,4.1,0.43,
19,9,182.639,4.1,0.36,
19,10,187.694,4.1,0.44,
19,11,197.028,4.1,0.49,
19,12,198.972,4.1,0.48,
19,13,209.917,4.1,0.58,
19,14,206.806,4.1,0.48,
19,15,197.306,4.1,0.59,
19,16,201.083,4.1,0.50,
19,17,199.611,4.1,0.49,
19,18,189.611,66.9,0.52,
19,19,190.472,4.1,0.40,
19,20,192.028,80.2,0.58,
19,21,189.667,56.0,0.48,
19,22,179.250,4.1,0.40,
19,23,172.917,4.1,0.42,
19,24,166.194,4.1,0.25,
19,25,157.583,4.1,0.25,
19,26,156.139,4.1,0.41,
19,27,155.694,64.9,0.51,
19,28,154.667,115.9,0.72,
19,29,154.389,80.7,0.58,
19,30,155.139,4.1,0.39,
20,0,212.361,3.0,0.49,
20,1,207.028,3.0,0.49,
20,2,201.111,3.0,0.57,
20,3,198.806,3.0,0.54,
20,4,191.778,3.0,0.42,
20,5,185.833,3.0,0.37,
20,6,180.722,3.0,0.37,
20,7,171.944,86.0,0.72,
20,8,179.611,3.0,0.25,
20,9,187.139,3.0,0.36,
20,10,195.944,3.0,0.37,
20,11,194.306,3.0,0.63,
20,12,197.056,3.0,0.56,
20,13,202.500,3.0,0.40,
20,14,204.444,3.0,0.60,
20,15,197.444,3.0,0.52,
20,16,193.528,3.0,0.43,
20,17,195.222,3.0,0.53,
20,18,187.444,3.0,0.47,
20,19,182.861,3.0,0.41,
20,20,182.222,3.0,0.34,
20,21,182.028,3.0,0.41,
20,22,176.306,3.0,0.43,
20,23,167.806,3.0,0.26,
20,24,155.306,3.0,0.25,
20,25,153.000,3.0,0.55,
20,26,153.056,3.0,0.62,
20,27,153.028,3.0,0.60,
20,28,157.611,49.3,0.52,
20,29,162.222,3.0,0.34,
20,30,169.222,3.0,0.25,
