latitude,longitude,eventName,hwmTypeName,hwmQualityName,verticalDatumName,verticalMethodName,approvalMember,markerName,horizontalMethodName,horizontalDatumName,flagMemberName,surveyMemberName,site_no,siteDescription,sitePriorityName,networkNames,stateName,countyName,siteZone,sitePermHousing,site_latitude,site_longitude,hwm_id,waterbody,site_id,event_id,hwm_type_id,hwm_quality_id,hwm_locationdescription,latitude_dd,longitude_dd,survey_date,elev_ft,vdatum_id,vcollect_method_id,bank,approval_id,marker_id,height_above_gnd,hcollect_method_id,peak_summary_id,hwm_notes,hwm_environment,flag_date,stillwater,hdatum_id,flag_member_id,survey_member_id,uncertainty,hwm_uncertainty,hwm_label,last_updated,last_updated_by,horizontal_datums,vertical_collect_methods,horizontal_collect_methods,hwm_types,hwm_qualities,event,peak_summary,survey_member,marker,approval,files,site,vertical_datums,flag_member,Links
30.01243,-99.11631,2025 July TX Flood,Debris,Good: +/- 0.10 ft,NAVD88,Other (Note in Description box),,Not marked,Handheld GPS,NAD83,Jeremy McDowell,Jeremy McDowell,TXKER37093,North side of river,,,TX,Kerr County,,No,30.01243,-99.11631,48430,Guadalupe River,37093,357,2,2,Debris line on north of road,30.01243,-99.11631,7/7/2025 5:00:00 AM,1585.4,2,4,Left,,8,,1,,Surveyed with handheld GPS only. HCFCD crew: Lindner/Justice/Wood.,Riverine,7/7/2025 5:00:00 AM,0,2,1834,1834,,,HCFCD_1,,,,,,,,,,,,,System.Collections.Generic.HashSet`1[STNDB.file],,,,
30.02446,-99.12736,2025 July TX Flood,Debris,Good: +/- 0.10 ft,NAVD88,Other (Note in Description box),,Not marked,Handheld GPS,NAD83,Melissa Null,Melissa Null,TXKER37095,North side of HWY 27,,,TX,Kerr County,,No,30.02446,-99.12736,48432,Guadalupe River,37095,357,2,2,Debris line at New Beginnings Church on north side of HWY 27,30.02446,-99.12736,7/7/2025 5:00:00 AM,1599.9,2,4,Left,,8,,1,,Surveyed with handheld GPS only; HCFCD crew: Lindner/Justice/Wood,Riverine,7/7/2025 5:00:00 AM,0,2,1778,1778,,,HCFCD_5,,,,,,,,,,,,,System.Collections.Generic.HashSet`1[STNDB.file],,,,
30.02172,-99.12439,2025 July TX Flood,Debris,Good: +/- 0.10 ft,NAVD88,Other (Note in Description box),,Not marked,Handheld GPS,NAD83,Melissa Null,,TXKER37094,North side of HWY 27 at Ernest Street,,,TX,Kerr County,,No,30.02172,-99.12439,48433,Guadalupe River,37094,357,2,2,Debris line on east side of Ernest Rd by house,30.02172,-99.12439,7/7/2025 5:00:00 AM,,2,4,Left,,8,,1,,Surveyed with handheld GPS only; HCFCD crew: Lindner/Justice/Wood,Riverine,7/7/2025 5:00:00 AM,0,2,1778,,,,HCFCD_4,,,,,,,,,,,,,System.Collections.Generic.HashSet`1[STNDB.file],,,,
30.0148,-99.11988,2025 July TX Flood,Debris,Good: +/- 0.10 ft,NAVD88,Other (Note in Description box),,Not marked,Handheld GPS,NAD83,Melissa Null,Melissa Null,TXKER37096,North side of river,,,TX,Kerr County,,No,30.0148,-99.11988,48434,Guadalupe River,37096,357,2,2,Debris on ground east of HWY 27 bridge,30.0148,-99.11988,7/7/2025 5:00:00 AM,1589,2,4,Left,,8,,1,,Surveyed with handheld GPS only; HCFCD crew: Lindner/Justice/Wood,Riverine,7/7/2025 5:00:00 AM,0,2,1778,1778,,,HCFCD_2,,,,,,,,,,,,,System.Collections.Generic.HashSet`1[STNDB.file],,,,
30.01282,-99.12072,2025 July TX Flood,Debris,Good: +/- 0.10 ft,NAVD88,Other (Note in Description box),,Not marked,Handheld GPS,NAD83,Melissa Null,Melissa Null,TXKER37097,South side of river,,,TX,Kerr County,,No,30.01282,-99.12072,48435,Guadalupe River,37097,357,2,2,South side of river in park east of HWY 27,30.01282,-99.12072,7/7/2025 5:00:00 AM,1588.5,2,4,Right,,8,,1,,Surveyed with handheld GPS only; HCFCD crew: Lindner/Justice/Wood,Riverine,7/7/2025 5:00:00 AM,0,2,1778,1778,,,HCFCD_3,,,,,,,,,,,,,System.Collections.Generic.HashSet`1[STNDB.file],,,,
30.03001,-99.13368,2025 July TX Flood,Debris,Good: +/- 0.10 ft,NAVD88,Other (Note in Description box),,Not marked,Handheld GPS,NAD83,Melissa Null,Melissa Null,TXKER37098,Glen Rest Cemetery,,,TX,Kerr County,,No,30.03001,-99.13368,48436,Guadalupe River,37098,357,2,2,Debris line in cemetery,30.03001,-99.13368,7/7/2025 5:00:00 AM,1603.2,2,4,Left,,8,,1,,Surveyed with handheld GPS only; HCFCD crew: Lindner/Justice/Wood,Riverine,7/7/2025 5:00:00 AM,0,2,1778,1778,,,HCFCD_6,,,,,,,,,,,,,System.Collections.Generic.HashSet`1[STNDB.file],,,,
30.03613,-99.13602,2025 July TX Flood,Debris,Good: +/- 0.10 ft,NAVD88,Other (Note in Description box),,Not marked,Handheld GPS,NAD83,Melissa Null,Melissa Null,TXKER37099,Ave. G and Water St.,,,TX,Kerr County,,No,30.03613,-99.13602,48437,Guadalupe River,37099,357,2,2,Debris line across from East End Pizza Co. ,30.03613,-99.13602,7/7/2025 5:00:00 AM,1611.1,2,4,Left,,8,,1,,Surveyed with handheld GPS only; HCFCD crew: Lindner/Justice/Wood,Riverine,7/7/2025 5:00:00 AM,0,2,1778,1778,,,HCFCD_7,,,,,,,,,,,,,System.Collections.Generic.HashSet`1[STNDB.file],,,,
30.03539,-99.13763,2025 July TX Flood,Debris,Good: +/- 0.10 ft,NAVD88,Other (Note in Description box),,Not marked,Handheld GPS,NAD83,Melissa Null,Melissa Null,TXKER37100,River trail access east of G Street,,,TX,Kerr County,,No,30.03539,-99.13763,48438,Guadalupe River,37100,357,2,2,Debris line across entry road,30.03539,-99.13763,7/7/2025 5:00:00 AM,1611.4,2,4,Right,,8,,1,,Surveyed with handheld GPS only; HCFCD crew: Lindner/Justice/Wood,Riverine,7/7/2025 5:00:00 AM,0,2,1778,1778,,,HCFCD_8,,,,,,,,,,,,,System.Collections.Generic.HashSet`1[STNDB.file],,,,
30.0412,-99.13763,2025 July TX Flood,Debris,Good: +/- 0.10 ft,NAVD88,Other (Note in Description box),,Not marked,Handheld GPS,NAD83,Melissa Null,Melissa Null,TXKER37101,Acrisure Aerospace parking lot; 1001 Water St. ,,,TX,Kerr County,,No,30.0412,-99.13763,48439,Guadalupe River,37101,357,2,2,Debris line in the parking lot,30.0412,-99.13763,7/7/2025 5:00:00 AM,1616.1,2,4,Left,,8,,1,,Surveyed with handheld GPS only; HCFCD crew: Lindner/Justice/Wood,Riverine,7/7/2025 5:00:00 AM,0,2,1778,1778,,,HCFCD_9,,,,,,,,,,,,,System.Collections.Generic.HashSet`1[STNDB.file],,,,
30.04578,-99.14583,2025 July TX Flood,Debris,Good: +/- 0.10 ft,NAVD88,Other (Note in Description box),,Not marked,Handheld GPS,NAD83,Melissa Null,Melissa Null,TXKER37102,Along HWY 16 near Hays Park,,,TX,Kerr County,,No,30.04578,-99.14583,48440,Guadalupe River,37102,357,2,2,Debris line next to highway,30.04578,-99.14583,7/7/2025 5:00:00 AM,1620.9,2,4,Right,,8,,1,,Surveyed with handheld GPS only; HCFCD crew: Lindner/Justice/Wood,Riverine,7/7/2025 5:00:00 AM,0,2,1778,1778,,,HCFCD_10,,,,,,,,,,,,,System.Collections.Generic.HashSet`1[STNDB.file],,,,
30.06397,-99.4392,2025 July TX Flood,Debris,Fair: +/- 0.20 ft,NAVD88,Other (Note in Description box),,Not marked,Handheld GPS,NAD83,Melissa Null,Melissa Null,TXKER37103,"Top of bank near 1633 FM1340, Hunt, TX 78024",,,TX,Kerr County,,No,30.06397,-99.4392,48441,Guadalupe River,37103,357,2,3,Debris line along top of bank,30.06397,-99.4392,7/8/2025 5:00:00 AM,1872.2,2,4,Right,,8,,1,,Surveyed with handheld GPS only; HCFCD crew: Lindner/Justice/Wood,Riverine,7/8/2025 5:00:00 AM,0,2,1778,1778,,,HCFCD_11,,,,,,,,,,,,,System.Collections.Generic.HashSet`1[STNDB.file],,,,
30.06748,-99.5562,2025 July TX Flood,Debris,Good: +/- 0.10 ft,NAVD88,Other (Note in Description box),,Not marked,Handheld GPS,NAD83,Melissa Null,Melissa Null,TXKER37104,FM 1341 headwaters of N Fork,,,TX,Kerr County,,No,30.06748,-99.5562,48442,Guadalupe River,37104,357,2,2,Debris line inside of fence,30.06748,-99.5562,7/8/2025 5:00:00 AM,2013.5,2,4,Left,,8,,1,,Surveyed with handheld GPS only; HCFCD crew: Lindner/Justice/Wood,Riverine,7/8/2025 5:00:00 AM,0,2,1778,1778,,,HCFCD_12a,,,,,,,,,,,,,System.Collections.Generic.HashSet`1[STNDB.file],,,,
30.05873,-99.4969,2025 July TX Flood,Debris,Poor: +/- 0.40 ft,NAVD88,Other (Note in Description box),,Not marked,Handheld GPS,NAD83,Melissa Null,Melissa Null,TXKER37105,Low river crossing off of FM 1341 (headwaters),,,TX,Kerr County,,No,30.05873,-99.4969,48443,Guadalupe River,37105,357,2,4,Debris line off of road,30.05873,-99.4969,7/8/2025 5:00:00 AM,1939,2,4,Right,,8,,1,,Surveyed with handheld GPS only; HCFCD crew: Lindner/Justice/Wood,Riverine,7/8/2025 5:00:00 AM,0,2,1778,1778,,,HCFCD_12b,,,,,,,,,,,,,System.Collections.Generic.HashSet`1[STNDB.file],,,,
30.05912,-99.49487,2025 July TX Flood,Debris,Good: +/- 0.10 ft,NAVD88,Other (Note in Description box),,Not marked,Handheld GPS,NAD83,Melissa Null,Melissa Null,TXKER37106,Headwaters of North Fork,,,TX,Kerr County,,No,30.05912,-99.49487,48444,Guadalupe River,37106,357,2,2,Debris line on ground (north bank),30.05912,-99.49487,7/8/2025 5:00:00 AM,1939.1,2,4,Left,,8,,1,,Surveyed with handheld GPS only; HCFCD crew: Lindner/Justice/Wood,Riverine,7/8/2025 5:00:00 AM,0,2,1778,1778,,,HCFCD_13,,,,,,,,,,,,,System.Collections.Generic.HashSet`1[STNDB.file],,,,
30.06276,-99.46908,2025 July TX Flood,Debris,Good: +/- 0.10 ft,NAVD88,Other (Note in Description box),,Not marked,Handheld GPS,NAD83,Melissa Null,Melissa Null,TXKER37107,Mo Ranch,,,TX,Kerr County,,No,30.06276,-99.46908,48445,Guadalupe River,37107,357,2,2,Debris line on road west of crossing inside Mo Ranch,30.06276,-99.46908,7/8/2025 5:00:00 AM,1904.5,2,4,Left,,8,,1,,Surveyed with handheld GPS only; HCFCD crew: Lindner/Justice/Wood,Riverine,7/8/2025 5:00:00 AM,0,2,1778,1778,,,HCFCD_14,,,,,,,,,,,,,System.Collections.Generic.HashSet`1[STNDB.file],,,,
30.06309,-99.46692,2025 July TX Flood,Debris,Good: +/- 0.10 ft,NAVD88,Other (Note in Description box),,Not marked,Handheld GPS,NAD83,Melissa Null,Melissa Null,TXKER37108,Mo Ranch,,,TX,Kerr County,,No,30.06309,-99.46692,48446,Guadalupe River,37108,357,2,2,Debris line east side of crossing in Mo Ranch,30.06309,-99.46692,7/8/2025 5:00:00 AM,1901.2,2,4,Right,,8,,1,,Surveyed with handheld GPS only; HCFCD crew: Lindner/Justice/Wood,Riverine,7/8/2025 5:00:00 AM,0,2,1778,1778,,,HCFCD_15,,,,,,,,,,,,,System.Collections.Generic.HashSet`1[STNDB.file],,,,
30.05275,-99.45249,2025 July TX Flood,Debris,Good: +/- 0.10 ft,NAVD88,Other (Note in Description box),,Not marked,Handheld GPS,NAD83,Melissa Null,Melissa Null,TXKER37109,FM 1340 low water crossing,,,TX,Kerr County,,No,30.05275,-99.45249,48447,Guadalupe River,37109,357,2,2,Debris line on south side of FM 1340 west of river,30.05275,-99.45249,7/8/2025 5:00:00 AM,1886.5,2,4,Right,,8,,1,,Surveyed with handheld GPS only; HCFCD crew: Lindner/Justice/Wood,Riverine,7/8/2025 5:00:00 AM,0,2,1778,1778,,,HCFCD_16,,,,,,,,,,,,,System.Collections.Generic.HashSet`1[STNDB.file],,,,
30.05231,-99.45011,2025 July TX Flood,Debris,Good: +/- 0.10 ft,NAVD88,Other (Note in Description box),,Not marked,Handheld GPS,NAD83,Melissa Null,Melissa Null,TXKER37110,FM 1340,,,TX,Kerr County,,No,30.05231,-99.45011,48448,Guadalupe River,37110,357,2,2,Debris line on south side of FM 1340 east side of river,30.05231,-99.45011,7/8/2025 5:00:00 AM,1884.9,2,4,Left,,8,,1,,Surveyed with handheld GPS only; HCFCD crew: Lindner/Justice/Wood,Riverine,7/8/2025 5:00:00 AM,0,2,1778,1778,,,HCFCD_17,,,,,,,,,,,,,System.Collections.Generic.HashSet`1[STNDB.file],,,,
30.06089,-99.44606,2025 July TX Flood,Debris,Good: +/- 0.10 ft,NAVD88,Other (Note in Description box),,Not marked,Handheld GPS,NAD83,Melissa Null,Melissa Null,TXKER37111,Wagon wheel crossing,,,TX,Kerr County,,No,30.06089,-99.44606,48449,Guadalupe River,37111,357,2,2,Debris line on north side of FM 1340 west of river,30.06089,-99.44606,7/8/2025 5:00:00 AM,1873.3,2,4,Left,,8,,1,,Surveyed with handheld GPS only; HCFCD crew: Lindner/Justice/Wood,Riverine,7/8/2025 5:00:00 AM,0,2,1778,1778,,,HCFCD_18,,,,,,,,,,,,,System.Collections.Generic.HashSet`1[STNDB.file],,,,
30.06292,-99.44513,2025 July TX Flood,Debris,Good: +/- 0.10 ft,NAVD88,Other (Note in Description box),,Not marked,Handheld GPS,NAD83,Melissa Null,Melissa Null,TXKER37112,Wagon wheel crossing,,,TX,Kerr County,,No,30.06292,-99.44513,48450,Guadalupe River,37112,357,2,2,Debris line on north side of FM 1349 east of river crossing,30.06292,-99.44513,7/8/2025 5:00:00 AM,1872.8,2,4,Right,,8,,1,,Surveyed with handheld GPS only; HCFCD crew: Lindner/Justice/Wood,Riverine,7/8/2025 5:00:00 AM,0,2,1778,1778,,,HCFCD_19,,,,,,,,,,,,,System.Collections.Generic.HashSet`1[STNDB.file],,,,
30.05559,-99.42081,2025 July TX Flood,Debris,Good: +/- 0.10 ft,NAVD88,Other (Note in Description box),,Not marked,Handheld GPS,NAD83,Melissa Null,Melissa Null,TXKER37113,Graham Crossing,,,TX,Kerr County,,No,30.05559,-99.42081,48451,Guadalupe River,37113,357,2,2,Debris line on south side of FM 1340 west of crossing,30.05559,-99.42081,7/8/2025 5:00:00 AM,1846.9,2,4,Right,,8,,1,,Surveyed with handheld GPS only; HCFCD crew: Lindner/Justice/Wood,Riverine,7/8/2025 5:00:00 AM,0,2,1778,1778,,,HCFCD_20,,,,,,,,,,,,,System.Collections.Generic.HashSet`1[STNDB.file],,,,
30.05795,-99.41815,2025 July TX Flood,Debris,Good: +/- 0.10 ft,NAVD88,Other (Note in Description box),,Not marked,Handheld GPS,NAD83,Melissa Null,Melissa Null,TXKER37114,Graham Crossing,,,TX,Kerr County,,No,30.05795,-99.41815,48452,Guadalupe River,37114,357,2,2,Debris line in grass field north of FM 1340 east side of crossing,30.05795,-99.41815,7/8/2025 5:00:00 AM,1847,2,4,Left,,8,,1,,Surveyed with handheld GPS only; HCFCD crew: Lindner/Justice/Wood,Riverine,7/8/2025 5:00:00 AM,0,2,1778,1778,,,HCFCD_21,,,,,,,,,,,,,System.Collections.Generic.HashSet`1[STNDB.file],,,,
30.06218,-99.39618,2025 July TX Flood,Debris,Good: +/- 0.10 ft,NAVD88,Other (Note in Description box),,Not marked,Handheld GPS,NAD83,Melissa Null,Melissa Null,TXKER37116,North Fork (Waldemar),,,TX,Kerr County,,No,30.06218,-99.39618,48453,Guadalupe River,37116,357,2,2,Debris line east side of river crossing north of FM 1340,30.06218,-99.39618,7/8/2025 5:00:00 AM,1830.1,2,4,Left,,8,,1,,Surveyed with handheld GPS only; HCFCD crew: Lindner/Justice/Wood,Riverine,7/8/2025 5:00:00 AM,0,2,1778,1778,,,HCFCD_23,,,,,,,,,,,,,System.Collections.Generic.HashSet`1[STNDB.file],,,,
30.07442,-99.35797,2025 July TX Flood,Debris,Good: +/- 0.10 ft,NAVD88,Other (Note in Description box),,Not marked,Handheld GPS,NAD83,Melissa Null,Melissa Null,TXKER37117,North Fork,,,TX,Kerr County,,No,30.07442,-99.35797,48454,Guadalupe River,37117,357,2,2,Debris line on west side of FM 1340 north of river crossing,30.07442,-99.35797,7/8/2025 5:00:00 AM,1786,2,4,Left,,8,,1,,Surveyed with handheld GPS only; HCFCD crew: Lindner/Justice/Wood,Riverine,7/8/2025 5:00:00 AM,0,2,1778,1778,,,HCFCD_24,,,,,,,,,,,,,System.Collections.Generic.HashSet`1[STNDB.file],,,,
30.07536,-99.35423,2025 July TX Flood,Debris,Good: +/- 0.10 ft,NAVD88,Other (Note in Description box),,Not marked,Handheld GPS,NAD83,Melissa Null,Melissa Null,TXKER37118,North Fork,,,TX,Kerr County,,No,30.07536,-99.35423,48455,Guadalupe River,37118,357,2,2,Debris line on south side of FM 1340 east of river crossing,30.07536,-99.35423,7/8/2025 5:00:00 AM,1783.1,2,4,Right,,8,,1,,"Surveyed with handheld GPS only; HCFCD crew: Lindner/Justice/Wood
",Riverine,7/8/2025 5:00:00 AM,0,2,1778,1778,,,HCFCD_25,,,,,,,,,,,,,System.Collections.Generic.HashSet`1[STNDB.file],,,,
30.07738,-99.33652,2025 July TX Flood,Debris,Good: +/- 0.10 ft,NAVD88,Other (Note in Description box),,Not marked,Handheld GPS,NAD83,Melissa Null,Melissa Null,TXKER37119,Power substation (North Fork),,,TX,Kerr County,,No,30.07738,-99.33652,48456,Guadalupe River,37119,357,2,2,Debris line on River Rd near power substation,30.07738,-99.33652,7/8/2025 5:00:00 AM,1774,2,4,Left,,8,,1,,Surveyed with handheld GPS only; HCFCD crew: Lindner/Justice/Wood,Riverine,7/8/2025 5:00:00 AM,0,2,1778,1778,,,HCFCD_26,,,,,,,,,,,,,System.Collections.Generic.HashSet`1[STNDB.file],,,,
30.07529,-99.34032,2025 July TX Flood,Debris,Good: +/- 0.10 ft,NAVD88,Other (Note in Description box),,Not marked,Handheld GPS,NAD83,Melissa Null,Melissa Null,TXKER37120,River Rd at FM 1340 (North Fork),,,TX,Kerr County,,No,30.07529,-99.34032,48457,Guadalupe River,37120,357,2,2,Debris line on side of FM 1340 at River Rd,30.07529,-99.34032,7/8/2025 5:00:00 AM,1774.4,2,4,Right,,8,,1,,Surveyed with handheld GPS only; HCFCD crew: Lindner/Justice/Wood,Riverine,7/8/2025 5:00:00 AM,0,2,1778,1778,,,HCFCD_27,,,,,,,,,,,,,System.Collections.Generic.HashSet`1[STNDB.file],,,,
30.07021,-99.336,2025 July TX Flood,Debris,Good: +/- 0.10 ft,NAVD88,Other (Note in Description box),,Not marked,Handheld GPS,NAD83,Melissa Null,Melissa Null,TXKER37121,"Hunt, TX",,,TX,Kerr County,,No,30.07021,-99.336,48458,Guadalupe River,37121,357,2,2,Debris line west of FM 1340 and North of HWY 39 (South Fork flow),30.07021,-99.336,7/8/2025 5:00:00 AM,1772.4,2,4,Left,,8,,1,,Surveyed with handheld GPS only; HCFCD crew: Lindner/Justice/Wood,Riverine,7/8/2025 5:00:00 AM,0,2,1778,1778,,,HCFCD_28,,,,,,,,,,,,,System.Collections.Generic.HashSet`1[STNDB.file],,,,
30.06081,-99.34201,2025 July TX Flood,Debris,Good: +/- 0.10 ft,NAVD88,Other (Note in Description box),,Not marked,Handheld GPS,NAD83,Melissa Null,Melissa Null,TXKER37122,"Hunt, TX",,,TX,Kerr County,,No,30.06081,-99.34201,48459,Guadalupe River,37122,357,2,2,Debris line on south edge of HWY 39,30.06081,-99.34201,7/8/2025 5:00:00 AM,1783,2,4,Left,,8,,1,,Surveyed with handheld GPS only; HCFCD crew: Lindner/Justice/Wood,Riverine,7/8/2025 5:00:00 AM,0,2,1778,1778,,,HCFCD_29,,,,,,,,,,,,,System.Collections.Generic.HashSet`1[STNDB.file],,,,
30.056,-99.3417,2025 July TX Flood,Debris,Good: +/- 0.10 ft,NAVD88,Other (Note in Description box),,Not marked,Handheld GPS,NAD83,Melissa Null,Melissa Null,TXKER37123,Fleming Ranch,,,TX,Kerr County,,No,30.056,-99.3417,48460,Guadalupe River,37123,357,2,2,Debris line on side of HWY 39 at Fleming Ranch,30.056,-99.3417,7/8/2025 5:00:00 AM,1787.5,2,4,Left,,8,,1,,Surveyed with handheld GPS only; HCFCD crew: Lindner/Justice/Wood,Riverine,7/8/2025 5:00:00 AM,0,2,1778,1778,,,HCFCD_30,,,,,,,,,,,,,System.Collections.Generic.HashSet`1[STNDB.file],,,,
30.05258,-99.3432,2025 July TX Flood,Debris,Good: +/- 0.10 ft,NAVD88,Other (Note in Description box),,Not marked,Handheld GPS,NAD83,Melissa Null,Melissa Null,TXKER37124,West of Hunt (South Fork),,,TX,Kerr County,,No,30.05258,-99.3432,48461,Guadalupe River,37124,357,2,2,Debris line on slope north side of HWY 39,30.05258,-99.3432,7/8/2025 5:00:00 AM,1791.8,2,4,Left,,8,,1,,Surveyed with handheld GPS only; HCFCD crew: Lindner/Justice/Wood,Riverine,7/8/2025 5:00:00 AM,0,2,1778,1778,,,HCFCD_31,,,,,,,,,,,,,System.Collections.Generic.HashSet`1[STNDB.file],,,,
30.04615,-99.35481,2025 July TX Flood,Debris,Good: +/- 0.10 ft,NAVD88,Other (Note in Description box),,Not marked,Handheld GPS,NAD83,Melissa Null,Melissa Null,TXKER37125,"West Hunt, TX (South Fork)",,,TX,Kerr County,,No,30.04615,-99.35481,48462,Guadalupe River,37125,357,2,2,Debris line on hill north of HWY 39,30.04615,-99.35481,7/8/2025 5:00:00 AM,1807.2,2,4,Left,,8,,1,,Surveyed with handheld GPS only; HCFCD crew: Lindner/Justice/Wood,Riverine,7/8/2025 5:00:00 AM,0,2,1778,1778,,,HCFCD_32,,,,,,,,,,,,,System.Collections.Generic.HashSet`1[STNDB.file],,,,
30.03849,-99.3622,2025 July TX Flood,Debris,Good: +/- 0.10 ft,NAVD88,Other (Note in Description box),,Not marked,Handheld GPS,NAD83,Melissa Null,Melissa Null,TXKER37126,West of Hunt (South Fork),,,TX,Kerr County,,No,30.03849,-99.3622,48463,Guadalupe River,37126,357,2,2,Debris line on hill north side of HWY 39,30.03849,-99.3622,7/8/2025 5:00:00 AM,1814.7,2,4,Left,,8,,1,,"Surveyed with handheld GPS only; HCFCD crew: Lindner/Justice/Wood
",Riverine,7/8/2025 5:00:00 AM,0,2,1778,1778,,,HCFCD_33,,,,,,,,,,,,,System.Collections.Generic.HashSet`1[STNDB.file],,,,
30.0147,-99.36681,2025 July TX Flood,Debris,Poor: +/- 0.40 ft,NAVD88,Other (Note in Description box),,Not marked,Handheld GPS,NAD83,Melissa Null,Melissa Null,TXKER37127,Ranch off of South Fork,,,TX,Kerr County,,No,30.0147,-99.36681,48464,Guadalupe River,37127,357,2,4,Debris in woods,30.0147,-99.36681,7/8/2025 5:00:00 AM,1841.4,2,4,Left,,8,,1,,"Surveyed with handheld GPS only; HCFCD crew: Lindner/Justice/Wood
",Riverine,7/8/2025 5:00:00 AM,0,2,1778,1778,,,HCFCD_34,,,,,,,,,,,,,System.Collections.Generic.HashSet`1[STNDB.file],,,,
30.0582,-99.40203,2025 July TX Flood,Debris,Poor: +/- 0.40 ft,NAVD88,Other (Note in Description box),,Not marked,Handheld GPS,NAD83,Melissa Null,Melissa Null,TXKER37115,North Fork,,,TX,Kerr County,,No,30.0582,-99.40203,48465,Guadalupe River,37115,357,2,4,Debris line on south side of FM 1340 west of crossing,30.0582,-99.40203,7/8/2025 5:00:00 AM,1839,2,4,Right,,8,,1,,Surveyed with handheld GPS only; HCFCD crew: Lindner/Justice/Wood,Riverine,7/8/2025 5:00:00 AM,0,2,1778,1778,,,HCFCD_22,,,,,,,,,,,,,System.Collections.Generic.HashSet`1[STNDB.file],,,,
30.00905,-99.36913,2025 July TX Flood,Debris,Good: +/- 0.10 ft,NAVD88,Other (Note in Description box),,Not marked,Handheld GPS,NAD83,Melissa Null,Melissa Null,TXKER37128,Camp Mystic,,,TX,Kerr County,,No,30.00905,-99.36913,48466,Guadalupe River,37128,357,2,2,Debris line on hill side behind cabins on Camp Mystic way,30.00905,-99.36913,7/8/2025 5:00:00 AM,1851.8,2,4,Right,,8,,1,,Surveyed with handheld GPS only; HCFCD crew: Lindner/Justice/Wood,Riverine,7/8/2025 5:00:00 AM,0,2,1778,1778,,,HCFCD_35,,,,,,,,,,,,,System.Collections.Generic.HashSet`1[STNDB.file],,,,
30.00715,-99.3808,2025 July TX Flood,Debris,Good: +/- 0.10 ft,NAVD88,Other (Note in Description box),,Not marked,Handheld GPS,NAD83,Melissa Null,Melissa Null,TXKER37129,Near S Hunt VFD building,,,TX,Kerr County,,No,30.00715,-99.3808,48467,Guadalupe River,37129,357,2,2,Debris on road/hill south of Hunt S VFD,30.00715,-99.3808,7/8/2025 5:00:00 AM,1866.5,2,4,Right,,8,,1,,Surveyed with handheld GPS only; HCFCD crew: Lindner/Justice/Wood,Riverine,7/8/2025 5:00:00 AM,0,2,1778,1778,,,HCFCD_36,,,,,,,,,,,,,System.Collections.Generic.HashSet`1[STNDB.file],,,,
30.00744,-99.38337,2025 July TX Flood,Debris,Good: +/- 0.10 ft,NAVD88,Other (Note in Description box),,Not marked,Handheld GPS,NAD83,Melissa Null,Melissa Null,TXKER37130,Near S Hunt VFD,,,TX,Kerr County,,No,30.00744,-99.38337,48468,Guadalupe River,37130,357,2,2,Debris line on hill side west of HWY 39,30.00744,-99.38337,7/8/2025 5:00:00 AM,1865.8,2,4,Left,,8,,1,,Surveyed with handheld GPS only; HCFCD crew: Lindner/Justice/Wood,Riverine,7/8/2025 5:00:00 AM,0,2,1778,1778,,,HCFCD_37,,,,,,,,,,,,,System.Collections.Generic.HashSet`1[STNDB.file],,,,
30.00336,-99.40997,2025 July TX Flood,Debris,Good: +/- 0.10 ft,NAVD88,Other (Note in Description box),,Not marked,Handheld GPS,NAD83,Melissa Null,Melissa Null,TXKER37131,South Fork,,,TX,Kerr County,,No,30.00336,-99.40997,48469,Guadalupe River,37131,357,2,2,Debris line along northwest side of HWY 39,30.00336,-99.40997,7/8/2025 5:00:00 AM,1906.7,2,4,Left,,8,,1,,Surveyed with handheld GPS only; HCFCD crew: Lindner/Justice/Wood,Riverine,7/8/2025 5:00:00 AM,0,2,1778,1778,,,HCFCD_38,,,,,,,,,,,,,System.Collections.Generic.HashSet`1[STNDB.file],,,,
29.99926,-99.40906,2025 July TX Flood,Debris,Good: +/- 0.10 ft,NAVD88,Other (Note in Description box),,Not marked,Handheld GPS,NAD83,Melissa Null,Melissa Null,TXKER37132,South Fork,,,TX,Kerr County,,No,29.99926,-99.40906,48470,Guadalupe River,37132,357,2,2,Debris line on hill on south side of HWY 39,29.99926,-99.40906,7/8/2025 5:00:00 AM,1910.9,2,4,Right,,8,,1,,Surveyed with handheld GPS only; HCFCD crew: Lindner/Justice/Wood,Riverine,7/8/2025 5:00:00 AM,0,2,1778,1778,,,HCFCD_39,,,,,,,,,,,,,System.Collections.Generic.HashSet`1[STNDB.file],,,,
29.97974,-99.4437,2025 July TX Flood,Debris,Good: +/- 0.10 ft,NAVD88,Other (Note in Description box),,Not marked,Handheld GPS,NAD83,Melissa Null,Melissa Null,TXKER37133,South Fork (headwaters),,,TX,Kerr County,,No,29.97974,-99.4437,48471,Guadalupe River,37133,357,2,2,Debris line in yard at house,29.97974,-99.4437,7/8/2025 5:00:00 AM,1967.9,2,4,Right,,8,,1,,Surveyed with handheld GPS only; HCFCD crew: Lindner/Justice/Wood,Riverine,7/8/2025 5:00:00 AM,0,2,1778,1778,,,HCFCD_40,,,,,,,,,,,,,System.Collections.Generic.HashSet`1[STNDB.file],,,,
29.97486,-99.44694,2025 July TX Flood,Debris,Good: +/- 0.10 ft,NAVD88,Other (Note in Description box),,Not marked,Handheld GPS,NAD83,Melissa Null,Melissa Null,TXKER37134,South Fork (headwaters),,,TX,Kerr County,,No,29.97486,-99.44694,48472,Guadalupe River,37134,357,2,2,Debris line across HWY 39,29.97486,-99.44694,7/8/2025 5:00:00 AM,1988.3,2,4,Right,,8,,1,,Surveyed with handheld GPS only; HCFCD crew: Lindner/Justice/Wood,Riverine,7/8/2025 5:00:00 AM,0,2,1778,1778,,,HCFCD_41,,,,,,,,,,,,,System.Collections.Generic.HashSet`1[STNDB.file],,,,
29.97319,-99.44755,2025 July TX Flood,Debris,Good: +/- 0.10 ft,NAVD88,Other (Note in Description box),,Not marked,Handheld GPS,NAD83,Melissa Null,Melissa Null,TXKER37135,South Fork (headwaters),,,TX,Kerr County,,No,29.97319,-99.44755,48473,Guadalupe River,37135,357,2,2,Debris line on side of HWY 39,29.97319,-99.44755,7/8/2025 5:00:00 AM,1987.4,2,4,Left,,8,,1,,Surveyed with handheld GPS only; HCFCD crew: Lindner/Justice/Wood,Riverine,7/8/2025 5:00:00 AM,0,2,1778,1778,,,HCFCD_42,,,,,,,,,,,,,System.Collections.Generic.HashSet`1[STNDB.file],,,,
29.96638,-99.44734,2025 July TX Flood,Debris,Good: +/- 0.10 ft,NAVD88,Other (Note in Description box),,Not marked,Handheld GPS,NAD83,Melissa Null,Melissa Null,TXKER37136,South Fork (headwaters),,,TX,Kerr County,,No,29.96638,-99.44734,48474,Guadalupe River,37136,357,2,2,Debris line on HWY 39,29.96638,-99.44734,7/8/2025 5:00:00 AM,2007.8,2,4,Left,,8,,1,,Surveyed with handheld GPS only; HCFCD crew: Lindner/Justice/Wood,Riverine,7/8/2025 5:00:00 AM,0,2,1778,1778,,,HCFCD_43,,,,,,,,,,,,,System.Collections.Generic.HashSet`1[STNDB.file],,,,
29.96467,-99.4498,2025 July TX Flood,Debris,Good: +/- 0.10 ft,NAVD88,Other (Note in Description box),,Not marked,Handheld GPS,NAD83,Melissa Null,Melissa Null,TXKER37137,South Fork (headwaters),,,TX,Kerr County,,No,29.96467,-99.4498,48475,Guadalupe River,37137,357,2,2,Debris in fence off HWY 39,29.96467,-99.4498,7/8/2025 5:00:00 AM,2010.3,2,4,Right,,8,,1,,Surveyed with handheld GPS only; HCFCD crew: Lindner/Justice/Wood,Riverine,7/8/2025 5:00:00 AM,0,2,1778,1778,,,HCFCD_44,,,,,,,,,,,,,System.Collections.Generic.HashSet`1[STNDB.file],,,,
29.9541,-99.48497,2025 July TX Flood,Debris,Good: +/- 0.10 ft,NAVD88,Other (Note in Description box),,Not marked,Handheld GPS,NAD83,Melissa Null,Melissa Null,TXKER37138,South Fork (headwaters),,,TX,Kerr County,,No,29.9541,-99.48497,48476,Guadalupe River,37138,357,2,2,Debris line across HWY 39 east side,29.9541,-99.48497,7/8/2025 5:00:00 AM,2089.3,2,4,Left,,8,,1,,Surveyed with handheld GPS only; HCFCD crew: Lindner/Justice/Wood,Riverine,7/8/2025 5:00:00 AM,0,2,1778,1778,,,HCFCD_45,,,,,,,,,,,,,System.Collections.Generic.HashSet`1[STNDB.file],,,,
29.95455,-99.48667,2025 July TX Flood,Debris,Good: +/- 0.10 ft,NAVD88,Other (Note in Description box),,Not marked,Handheld GPS,NAD83,Melissa Null,Melissa Null,TXKER37139,South Fork (headwaters) Yellow Rose crossing,,,TX,Kerr County,,No,29.95455,-99.48667,48477,Guadalupe River,37139,357,2,2,Debris line on side of HWY 39 (west side),29.95455,-99.48667,7/8/2025 5:00:00 AM,2090.1,2,4,Right,,8,,1,,Surveyed with handheld GPS only; HCFCD crew: Lindner/Justice/Wood,Riverine,7/8/2025 5:00:00 AM,0,2,1778,1778,,,HCFCD_46,,,,,,,,,,,,,System.Collections.Generic.HashSet`1[STNDB.file],,,,
29.98122,-99.4383,2025 July TX Flood,Debris,Good: +/- 0.10 ft,NAVD88,Other (Note in Description box),,Not marked,Handheld GPS,NAD83,Melissa Null,Melissa Null,TXKER37140,South Fork (headwaters),,,TX,Kerr County,,No,29.98122,-99.4383,48478,Guadalupe River,37140,357,2,2,Debris line on hill side along HWY 39,29.98122,-99.4383,7/8/2025 5:00:00 AM,1963.1,2,4,Left,,8,,1,,Surveyed with handheld GPS only; HCFCD crew: Lindner/Justice/Wood,Riverine,7/8/2025 5:00:00 AM,0,2,1778,1778,,,HCFCD_47,,,,,,,,,,,,,System.Collections.Generic.HashSet`1[STNDB.file],,,,
29.99898,-99.38616,2025 July TX Flood,Debris,Good: +/- 0.10 ft,NAVD88,Other (Note in Description box),,Not marked,Handheld GPS,NAD83,Melissa Null,Melissa Null,TXKER37141,South Fork (upstream of Camp Mystic),,,TX,Kerr County,,No,29.99898,-99.38616,48479,Guadalupe River,37141,357,2,2,Debris on hill on southeast side of HWY 39,29.99898,-99.38616,7/8/2025 5:00:00 AM,1879.4,2,4,Right,,8,,1,,Surveyed with handheld GPS only; HCFCD crew: Lindner/Justice/Wood,Riverine,7/8/2025 5:00:00 AM,0,2,1778,1778,,,HCFCD_48,,,,,,,,,,,,,System.Collections.Generic.HashSet`1[STNDB.file],,,,
30.00021,-99.38396,2025 July TX Flood,Debris,Good: +/- 0.10 ft,NAVD88,Other (Note in Description box),,Not marked,Handheld GPS,NAD83,Melissa Null,Melissa Null,TXKER37142,South Fork (upstream of Camp Mystic),,,TX,Kerr County,,No,30.00021,-99.38396,48481,Guadalupe River,37142,357,2,2,Debris line at house on hill,30.00021,-99.38396,7/8/2025 5:00:00 AM,1875,2,4,Left,,8,,1,,Surveyed with handheld GPS only; HCFCD crew: Lindner/Justice/Wood,Riverine,7/8/2025 5:00:00 AM,0,2,1778,1778,,,HCFCD_49,,,,,,,,,,,,,System.Collections.Generic.HashSet`1[STNDB.file],,,,
30.01487,-99.36422,2025 July TX Flood,Debris,Good: +/- 0.10 ft,NAVD88,Other (Note in Description box),,Not marked,Handheld GPS,NAD83,Melissa Null,Melissa Null,TXKER37143,South Fork (downstream of Camp Mystic),,,TX,Kerr County,,No,30.01487,-99.36422,48482,Guadalupe River,37143,357,2,2,Debris line on side of limestone cliff (south of HWY 39),30.01487,-99.36422,7/8/2025 5:00:00 AM,1842.4,2,4,Right,,8,,1,,Surveyed with handheld GPS only; HCFCD crew: Lindner/Justice/Wood,Riverine,7/8/2025 5:00:00 AM,0,2,1778,1778,,,HCFCD_50,,,,,,,,,,,,,System.Collections.Generic.HashSet`1[STNDB.file],,,,
30.02605,-99.36085,2025 July TX Flood,Debris,Poor: +/- 0.40 ft,NAVD88,Other (Note in Description box),,Not marked,Handheld GPS,NAD83,Melissa Null,Melissa Null,TXKER37144,South Fork (downstream of Camp Mystic),,,TX,Kerr County,,No,30.02605,-99.36085,48483,Guadalupe River,37144,357,2,4,Debris line in tree,30.02605,-99.36085,7/8/2025 5:00:00 AM,1822,2,4,Right,,8,,1,,Surveyed with handheld GPS only; HCFCD crew: Lindner/Justice/Wood,Riverine,7/8/2025 5:00:00 AM,0,2,1778,1778,,,HCFCD_51,,,,,,,,,,,,,System.Collections.Generic.HashSet`1[STNDB.file],,,,
30.02981,-99.36049,2025 July TX Flood,Debris,Good: +/- 0.10 ft,NAVD88,Other (Note in Description box),,Not marked,Handheld GPS,NAD83,Melissa Null,Melissa Null,TXKER37145,South Fork,,,TX,Kerr County,,No,30.02981,-99.36049,48484,Guadalupe River,37145,357,2,2,Debris line on N side of HWY 39,30.02981,-99.36049,7/8/2025 5:00:00 AM,1823,2,4,Left,,8,,1,,Surveyed with handheld GPS only; HCFCD crew: Lindner/Justice/Wood,Riverine,7/8/2025 5:00:00 AM,0,2,1778,1778,,,HCFCD_52,,,,,,,,,,,,,System.Collections.Generic.HashSet`1[STNDB.file],,,,
30.03798,-99.35715,2025 July TX Flood,Debris,Good: +/- 0.10 ft,NAVD88,Other (Note in Description box),,Not marked,Handheld GPS,NAD83,Melissa Null,Melissa Null,TXKER37146,South Fork,,,TX,Kerr County,,No,30.03798,-99.35715,48485,Guadalupe River,37146,357,2,2,Debris line on hill on south side of HWY 39,30.03798,-99.35715,7/8/2025 5:00:00 AM,1813.3,2,4,Right,,8,,1,,Surveyed with handheld GPS only; HCFCD crew: Lindner/Justice/Wood,Riverine,7/8/2025 5:00:00 AM,0,2,1778,1778,,,HCFCD_53,,,,,,,,,,,,,System.Collections.Generic.HashSet`1[STNDB.file],,,,
30.04127,-99.35563,2025 July TX Flood,Debris,Good: +/- 0.10 ft,NAVD88,Other (Note in Description box),,Not marked,Handheld GPS,NAD83,Melissa Null,Melissa Null,TXKER37147,South Fork (west of Hunt),,,TX,Kerr County,,No,30.04127,-99.35563,48486,Guadalupe River,37147,357,2,2,Debris line on side of hill south of river off HWY 39,30.04127,-99.35563,7/8/2025 5:00:00 AM,1808.6,2,4,Right,,8,,1,,Surveyed with handheld GPS only; HCFCD crew: Lindner/Justice/Wood,Riverine,7/8/2025 5:00:00 AM,0,2,1778,1778,,,HCFCD_54,,,,,,,,,,,,,System.Collections.Generic.HashSet`1[STNDB.file],,,,
30.06236,-99.33722,2025 July TX Flood,Debris,Good: +/- 0.10 ft,NAVD88,Other (Note in Description box),,Not marked,Handheld GPS,NAD83,Melissa Null,Melissa Null,TXKER37148,Camp La Junta,,,TX,Kerr County,,No,30.06236,-99.33722,48487,Guadalupe River,37148,357,2,2,Debris line on hill behind cabins,30.06236,-99.33722,7/8/2025 5:00:00 AM,1787.4,2,4,Right,,8,,1,,Surveyed with handheld GPS only; HCFCD crew: Lindner/Justice/Wood,Riverine,7/8/2025 5:00:00 AM,0,2,1778,1778,,,HCFCD_55,,,,,,,,,,,,,System.Collections.Generic.HashSet`1[STNDB.file],,,,
30.06744,-99.33412,2025 July TX Flood,Debris,Poor: +/- 0.40 ft,NAVD88,Other (Note in Description box),,Not marked,Handheld GPS,NAD83,Melissa Null,Melissa Null,TXKER37149,Camp La Junta,,,TX,Kerr County,,No,30.06744,-99.33412,48488,Guadalupe River,37149,357,2,4,Debris line near camp entrance,30.06744,-99.33412,7/8/2025 5:00:00 AM,1776,2,4,Right,,8,,1,,Surveyed with handheld GPS only; HCFCD crew: Lindner/Justice/Wood,Riverine,7/8/2025 5:00:00 AM,0,2,1778,1778,,,HCFCD_56,,,,,,,,,,,,,System.Collections.Generic.HashSet`1[STNDB.file],,,,
30.06707,-99.3281,2025 July TX Flood,Debris,Good: +/- 0.10 ft,NAVD88,Other (Note in Description box),,Not marked,Handheld GPS,NAD83,Melissa Null,Melissa Null,TXKER37150,Just east of Hunt,,,TX,Kerr County,,No,30.06707,-99.3281,48489,Guadalupe River,37150,357,2,2,Debris line along bottom of fence south of HWY 39,30.06707,-99.3281,7/8/2025 5:00:00 AM,1759.7,2,4,Right,,8,,1,,Surveyed with handheld GPS only; HCFCD crew: Lindner/Justice/Wood,Riverine,7/8/2025 5:00:00 AM,0,2,1778,1778,,,HCFCD_57,,,,,,,,,,,,,System.Collections.Generic.HashSet`1[STNDB.file],,,,
30.07192,-99.32493,2025 July TX Flood,Debris,Good: +/- 0.10 ft,NAVD88,Other (Note in Description box),,Not marked,Handheld GPS,NAD83,Melissa Null,Melissa Null,TXKER37151,East of Hunt,,,TX,Kerr County,,No,30.07192,-99.32493,48490,Guadalupe River,37151,357,2,2,Debris line at end of Ranch Rim Rd (north side of river),30.07192,-99.32493,7/8/2025 5:00:00 AM,1763.6,2,4,Left,,8,,1,,Surveyed with handheld GPS only; HCFCD crew: Lindner/Justice/Wood,Riverine,7/8/2025 5:00:00 AM,0,2,1778,1778,,,HCFCD_58,,,,,,,,,,,,,System.Collections.Generic.HashSet`1[STNDB.file],,,,
30.06611,-99.308,2025 July TX Flood,Debris,Good: +/- 0.10 ft,NAVD88,Other (Note in Description box),,Not marked,Handheld GPS,NAD83,Melissa Null,Melissa Null,TXKER37152,East of Hunt,,,TX,Kerr County,,No,30.06611,-99.308,48491,Guadalupe River,37152,357,2,2,Debris line at top of hill at end of road to house on the river,30.06611,-99.308,7/8/2025 5:00:00 AM,1750.7,2,4,Right,,8,,1,,Surveyed with handheld GPS only; HCFCD crew: Lindner/Justice/Wood,Riverine,7/8/2025 5:00:00 AM,0,2,1778,1778,,,HCFCD_58,,,,,,,,,,,,,System.Collections.Generic.HashSet`1[STNDB.file],,,,
30.06707,-99.30192,2025 July TX Flood,Debris,Excellent: +/- 0.05 ft,NAVD88,Other (Note in Description box),,Not marked,Handheld GPS,NAD83,Melissa Null,Melissa Null,TXKER37153,East of Hunt,,,TX,Kerr County,,No,30.06707,-99.30192,48492,Guadalupe River,37153,357,2,1,Debris line in yard of house on south side of river,30.06707,-99.30192,7/8/2025 5:00:00 AM,1745.8,2,4,Right,,8,,1,,Surveyed with handheld GPS only; HCFCD crew: Lindner/Justice/Wood,Riverine,7/8/2025 5:00:00 AM,0,2,1778,1778,,,HCFCD_60,,,,,,,,,,,,,System.Collections.Generic.HashSet`1[STNDB.file],,,,
30.06657,-99.29401,2025 July TX Flood,Debris,Good: +/- 0.10 ft,NAVD88,Other (Note in Description box),,Not marked,Handheld GPS,NAD83,Melissa Null,Melissa Null,TXKER37154,East of Hunt,,,TX,Kerr County,,No,30.06657,-99.29401,48493,Guadalupe River,37154,357,2,2,Debris line on side south of river,30.06657,-99.29401,7/8/2025 5:00:00 AM,1737.4,2,4,Right,,8,,1,,Surveyed with handheld GPS only; HCFCD crew: Lindner/Justice/Wood,Riverine,7/8/2025 5:00:00 AM,0,2,1778,1778,,,HCFCD_61,,,,,,,,,,,,,System.Collections.Generic.HashSet`1[STNDB.file],,,,
30.07279,-99.27614,2025 July TX Flood,Debris,Good: +/- 0.10 ft,NAVD88,Other (Note in Description box),,Not marked,Handheld GPS,NAD83,Melissa Null,Melissa Null,TXKER37155,West of Ingram,,,TX,Kerr County,,No,30.07279,-99.27614,48494,Guadalupe River,37155,357,2,2,Debris line in yard south of HWY 39 and north side of river,30.07279,-99.27614,7/8/2025 5:00:00 AM,1724.1,2,4,Left,,8,,1,,Surveyed with handheld GPS only; HCFCD crew: Lindner/Justice/Wood,Riverine,7/8/2025 5:00:00 AM,0,2,1778,1778,,,HCFCD_62,,,,,,,,,,,,,System.Collections.Generic.HashSet`1[STNDB.file],,,,
30.0692,-99.27699,2025 July TX Flood,Debris,Good: +/- 0.10 ft,NAVD88,Other (Note in Description box),,Not marked,Handheld GPS,NAD83,Melissa Null,Melissa Null,TXKER37156,West of Ingram (Vista camps),,,TX,Kerr County,,No,30.0692,-99.27699,48495,Guadalupe River,37156,357,2,2,Debris line in field on south side of river at Vista Camps,30.0692,-99.27699,7/8/2025 5:00:00 AM,1725.8,2,4,Right,,8,,1,,Surveyed with handheld GPS only; HCFCD crew: Lindner/Justice/Wood,Riverine,7/8/2025 5:00:00 AM,0,2,1778,1778,,,HCFCD_63,,,,,,,,,,,,,System.Collections.Generic.HashSet`1[STNDB.file],,,,
30.07056,-99.26464,2025 July TX Flood,Debris,Good: +/- 0.10 ft,NAVD88,Other (Note in Description box),,Not marked,Handheld GPS,NAD83,Melissa Null,Melissa Null,TXKER37157,West of Ingram,,,TX,Kerr County,,No,30.07056,-99.26464,48496,Guadalupe River,37157,357,2,2,Debris line on hill side (south side of river),30.07056,-99.26464,7/8/2025 5:00:00 AM,1706.5,2,4,Right,,8,,1,,Surveyed with handheld GPS only; HCFCD crew: Lindner/Justice/Wood,Riverine,7/8/2025 5:00:00 AM,0,2,1778,1778,,,HCFCD_65,,,,,,,,,,,,,System.Collections.Generic.HashSet`1[STNDB.file],,,,
30.06956,-99.25484,2025 July TX Flood,Debris,Good: +/- 0.10 ft,NAVD88,Other (Note in Description box),,Not marked,Handheld GPS,NAD83,Melissa Null,Melissa Null,TXKER37158,"Ingram, TX",,,TX,Kerr County,,No,30.06956,-99.25484,48497,Guadalupe River,37158,357,2,2,Debris line on hill side (south side of river),30.06956,-99.25484,7/8/2025 5:00:00 AM,1706.5,2,4,Right,,8,,1,,Surveyed with handheld GPS only; HCFCD crew: Lindner/Justice/Wood,Riverine,7/8/2025 5:00:00 AM,0,2,1778,1778,,,HCFCD_65,,,,,,,,,,,,,System.Collections.Generic.HashSet`1[STNDB.file],,,,
30.07204,-99.25347,2025 July TX Flood,Debris,Good: +/- 0.10 ft,NAVD88,Other (Note in Description box),,Not marked,Handheld GPS,NAD83,Melissa Null,Melissa Null,TXKER37159,"Ingram, TX",,,TX,Kerr County,,No,30.07204,-99.25347,48498,Guadalupe River,37159,357,2,2,Debris line on north side of HWY 39 at Ingram HS,30.07204,-99.25347,7/8/2025 5:00:00 AM,1703.5,2,4,Left,,8,,1,,Surveyed with handheld GPS only; HCFCD crew: Lindner/Justice/Wood,Riverine,7/8/2025 5:00:00 AM,0,2,1778,1778,,,HCFCD_66,,,,,,,,,,,,,System.Collections.Generic.HashSet`1[STNDB.file],,,,
30.07433,-99.26343,2025 July TX Flood,Seed line,Excellent: +/- 0.05 ft,NAVD88,Other (Note in Description box),,Not marked,Handheld GPS,NAD83,Melissa Null,Melissa Null,TXKER37160,"Ingram, TX",,,TX,Kerr County,,No,30.07433,-99.26343,48499,Guadalupe River,37160,357,5,1,Seed line on house just above ground north of HWY 39,30.07433,-99.26343,7/8/2025 5:00:00 AM,1714.1,2,4,Left,,8,,1,,Surveyed with handheld GPS only; HCFCD crew: Lindner/Justice/Wood,Riverine,7/8/2025 5:00:00 AM,0,2,1778,1778,,,HCFCD_67,,,,,,,,,,,,,System.Collections.Generic.HashSet`1[STNDB.file],,,,
30.07,-99.29479,2025 July TX Flood,Debris,Good: +/- 0.10 ft,NAVD88,Other (Note in Description box),,Not marked,Handheld GPS,NAD83,Melissa Null,Melissa Null,TXKER37161,"West of Ingram, TX",,,TX,Kerr County,,No,30.07,-99.29479,48500,Guadalupe River,37161,357,2,2,"Debris line at house on north side of HWY 39
",30.07,-99.29479,7/8/2025 5:00:00 AM,1739.5,2,4,Left,,8,,1,,Surveyed with handheld GPS only; HCFCD crew: Lindner/Justice/Wood,Riverine,7/8/2025 5:00:00 AM,0,2,1778,1778,,,HCFCD_68,,,,,,,,,,,,,System.Collections.Generic.HashSet`1[STNDB.file],,,,
30.07044,-99.30587,2025 July TX Flood,Debris,Good: +/- 0.10 ft,NAVD88,Other (Note in Description box),,Not marked,Handheld GPS,NAD83,Melissa Null,Melissa Null,TXKER37162,Between Hunt and Ingram,,,TX,Kerr County,,No,30.07044,-99.30587,48501,Guadalupe River,37162,357,2,2,Debris line at house in Bumble Bee Hills subdivision,30.07044,-99.30587,7/8/2025 5:00:00 AM,1747.2,2,4,Left,,8,,1,,Surveyed with handheld GPS only; HCFCD crew: Lindner/Justice/Wood,Riverine,7/8/2025 5:00:00 AM,0,2,1778,1778,,,HCFCD_69,,,,,,,,,,,,,System.Collections.Generic.HashSet`1[STNDB.file],,,,
30.06973,-99.30771,2025 July TX Flood,Debris,Good: +/- 0.10 ft,NAVD88,Other (Note in Description box),,Not marked,Handheld GPS,NAD83,Melissa Null,Melissa Null,TXKER37163,East of Hunt,,,TX,Kerr County,,No,30.06973,-99.30771,48502,Guadalupe River,37163,357,2,2,Debris line on north side of HWY 39,30.06973,-99.30771,7/8/2025 5:00:00 AM,1749.7,2,4,Left,,8,,1,,Surveyed with handheld GPS only; HCFCD crew: Lindner/Justice/Wood,Riverine,7/8/2025 5:00:00 AM,0,2,1778,1778,,,HCFCD_70,,,,,,,,,,,,,System.Collections.Generic.HashSet`1[STNDB.file],,,,
30.070184,-99.321697,2025 July TX Flood,Debris,Good: +/- 0.10 ft,NAVD88,Other (Note in Description box),,Not marked,Handheld GPS,NAD83,STN Admin,STN Admin,TXKER37240,"Hunt, TX",,,TX,Kerr County,,No,30.070184,-99.321697,48574,Guadalupe River,37240,357,2,2,Debris line on north side of Hwy 39 at USGS gage house,30.070184,-99.321697,7/8/2025 12:00:00 AM,1760.3,2,4,Left,,8,,1,,Surveyed with handheld GPS only; Courtesy of the Harris County Flood Control District (HCFCD) crew: Lindner/Justice/Wood,Riverine,7/8/2025 12:00:00 AM,,2,1,1,,,HCFCD_71,,,,,,,,,,,,,System.Collections.Generic.HashSet`1[STNDB.file],,,,
30.068978,-99.336795,2025 July TX Flood,Debris,Good: +/- 0.10 ft,NAVD88,Other (Note in Description box),,Not marked,Handheld GPS,NAD83,STN Admin,STN Admin,TXKER37241,"Hunt, TX",,,TX,Kerr County,,No,30.068978,-99.336795,48575,Guadalupe River,37241,357,2,2,Debris line north of Hunt Store across from Hunt Baptist Church,30.068978,-99.336795,7/9/2025 12:00:00 AM,1773.5,2,4,Left,,8,,1,,Surveyed with handheld GPS only; Courtesy of the Harris County Flood Control District (HCFCD) crew: Lindner/Justice/Wood,Riverine,7/9/2025 12:00:00 AM,,2,1,1,,,HCFCD_72,,,,,,,,,,,,,System.Collections.Generic.HashSet`1[STNDB.file],,,,
30.072763,-99.243933,2025 July TX Flood,Debris,Good: +/- 0.10 ft,NAVD88,Other (Note in Description box),,Not marked,Handheld GPS,NAD83,STN Admin,STN Admin,TXKER37242,"Ingram, TX",,,TX,Kerr County,,No,30.072763,-99.243933,48576,Guadalupe River,37242,357,2,2,Debris line along Kitty Rd north side of river,30.072763,-99.243933,7/9/2025 12:00:00 AM,1692.9,2,4,Left,,8,,1,,Surveyed with handheld GPS only; Courtesy of the Harris County Flood Control District (HCFCD) crew: Lindner/Justice/Wood,Riverine,7/9/2025 12:00:00 AM,,2,1,1,,,HCFCD_73,,,,,,,,,,,,,System.Collections.Generic.HashSet`1[STNDB.file],,,,
30.068697,-99.243131,2025 July TX Flood,Debris,Good: +/- 0.10 ft,NAVD88,Other (Note in Description box),,Not marked,Handheld GPS,NAD83,STN Admin,STN Admin,TXKER37243,"Ingram, TX",,,TX,Kerr County,,No,30.068697,-99.243131,48577,Guadalupe River,37243,357,2,2,Debris line south side of river along Beaver Ave,30.068697,-99.243131,7/9/2025 12:00:00 AM,1693.7,2,4,Left,,8,,1,,Surveyed with handheld GPS only; Courtesy of the Harris County Flood Control District (HCFCD) crew: Lindner/Justice/Wood,Riverine,7/9/2025 12:00:00 AM,,2,1,1,,,HCFCD_74,,,,,,,,,,,,,System.Collections.Generic.HashSet`1[STNDB.file],,,,
30.067396,-99.228481,2025 July TX Flood,Debris,Good: +/- 0.10 ft,NAVD88,Other (Note in Description box),,Not marked,Handheld GPS,NAD83,STN Admin,STN Admin,TXKER37244,"Ingram, TX",,,TX,Kerr County,,No,30.067396,-99.228481,48578,Guadalupe River,37244,357,2,2,Debris line on south river bank,30.067396,-99.228481,7/9/2025 12:00:00 AM,1684.8,2,4,Right,,8,,1,,Surveyed with handheld GPS only; Courtesy of the Harris County Flood Control District (HCFCD) crew: Lindner/Justice/Wood,Riverine,7/9/2025 12:00:00 AM,,2,1,1,,,HCFCD_75,,,,,,,,,,,,,System.Collections.Generic.HashSet`1[STNDB.file],,,,
30.072044,-99.234439,2025 July TX Flood,Debris,Good: +/- 0.10 ft,NAVD88,Other (Note in Description box),,Not marked,Handheld GPS,NAD83,STN Admin,STN Admin,TXKER37245,"Ingram, TX",,,TX,Kerr County,,No,30.072044,-99.234439,48579,Guadalupe River,37245,357,2,2,Debris line on north side of river behind Wells Fargo,30.072044,-99.234439,7/9/2025 12:00:00 AM,1688.1,2,4,Left,,8,,1,,Surveyed with handheld GPS only; Courtesy of the Harris County Flood Control District (HCFCD) crew: Lindner/Justice/Wood,Riverine,7/9/2025 12:00:00 AM,,2,1,1,,,HCFCD_76,,,,,,,,,,,,,System.Collections.Generic.HashSet`1[STNDB.file],,,,
30.069243,-99.225091,2025 July TX Flood,Debris,Good: +/- 0.10 ft,NAVD88,Other (Note in Description box),,Not marked,Handheld GPS,NAD83,STN Admin,STN Admin,TXKER37246,Ingram (HTR camp),,,TX,Kerr County,,No,30.069243,-99.225091,48580,Guadalupe River,37246,357,2,2,Debris line on north side of river at camp office,30.069243,-99.225091,7/9/2025 12:00:00 AM,1682.9,2,4,Left,,8,,1,,Surveyed with handheld GPS only; Courtesy of the Harris County Flood Control District (HCFCD) crew: Lindner/Justice/Wood,Riverine,7/9/2025 12:00:00 AM,,2,1,1,,,HCFCD_77,,,,,,,,,,,,,System.Collections.Generic.HashSet`1[STNDB.file],,,,
30.068498,-99.221379,2025 July TX Flood,Debris,Good: +/- 0.10 ft,NAVD88,Other (Note in Description box),,Not marked,Handheld GPS,NAD83,STN Admin,STN Admin,TXKER37247,Ingram (east of HTR camp),,,TX,Kerr County,,No,30.068498,-99.221379,48581,Guadalupe River,37247,357,2,2,Debris line on north band of river downstream from RV camp,30.068498,-99.221379,7/9/2025 12:00:00 AM,1677.8,2,4,Left,,8,,1,,Surveyed with handheld GPS only; Courtesy of the Harris County Flood Control District (HCFCD) crew: Lindner/Justice/Wood,Riverine,7/9/2025 12:00:00 AM,,2,1,1,,,HCFCD_78,,,,,,,,,,,,,System.Collections.Generic.HashSet`1[STNDB.file],,,,
30.069746,-99.208341,2025 July TX Flood,Debris,Good: +/- 0.10 ft,NAVD88,Other (Note in Description box),,Not marked,Handheld GPS,NAD83,STN Admin,STN Admin,TXKER37248,Yogi Barrera Park,,,TX,Kerr County,,No,30.069746,-99.208341,48582,Guadalupe River,37248,357,2,2,Debris line on bluff at north side of river at park,30.069746,-99.208341,7/9/2025 12:00:00 AM,1665.2,2,4,Left,,8,,1,,Surveyed with handheld GPS only; Courtesy of the Harris County Flood Control District (HCFCD) crew: Lindner/Justice/Wood,Riverine,7/9/2025 12:00:00 AM,,2,1,1,,,HCFCD_79,,,,,,,,,,,,,System.Collections.Generic.HashSet`1[STNDB.file],,,,
30.068831,-99.192738,2025 July TX Flood,Debris,Good: +/- 0.10 ft,NAVD88,Other (Note in Description box),,Not marked,Handheld GPS,NAD83,STN Admin,STN Admin,TXKER37249,Ingram,,,TX,Kerr County,,No,30.068831,-99.192738,48583,Guadalupe River,37249,357,2,2,Debris line on north side of river at river crossing (crossing is destroyed),30.068831,-99.192738,7/9/2025 12:00:00 AM,1655.6,2,4,Left,,8,,1,,Surveyed with handheld GPS only; Courtesy of the Harris County Flood Control District (HCFCD) crew: Lindner/Justice/Wood,Riverine,7/9/2025 12:00:00 AM,,2,1,1,,,HCFCD_80,,,,,,,,,,,,,System.Collections.Generic.HashSet`1[STNDB.file],,,,
30.065029,-99.189078,2025 July TX Flood,Debris,Good: +/- 0.10 ft,NAVD88,Other (Note in Description box),,Not marked,Handheld GPS,NAD83,STN Admin,STN Admin,TXKER37250,Ingram,,,TX,Kerr County,,No,30.065029,-99.189078,48584,Guadalupe River,37250,357,2,2,Debris line on south side of river at subdivision park,30.065029,-99.189078,7/9/2025 12:00:00 AM,1654.2,2,4,Right,,8,,1,,Surveyed with handheld GPS only; Courtesy of the Harris County Flood Control District (HCFCD) crew: Lindner/Justice/Wood,Riverine,7/9/2025 12:00:00 AM,,2,1,1,,,HCFCD_81,,,,,,,,,,,,,System.Collections.Generic.HashSet`1[STNDB.file],,,,
30.062671,-99.177812,2025 July TX Flood,Debris,Good: +/- 0.10 ft,NAVD88,Other (Note in Description box),,Not marked,Handheld GPS,NAD83,STN Admin,STN Admin,TXKER37251,Ingram,,,TX,Kerr County,,No,30.062671,-99.177812,48585,Guadalupe River,37251,357,2,2,Debris line on south river bank,30.062671,-99.177812,7/9/2025 12:00:00 AM,1644.5,2,4,Right,,8,,1,,Surveyed with handheld GPS only; Courtesy of the Harris County Flood Control District (HCFCD) crew: Lindner/Justice/Wood,Riverine,7/9/2025 12:00:00 AM,,2,1,1,,,HCFCD_82,,,,,,,,,,,,,System.Collections.Generic.HashSet`1[STNDB.file],,,,
30.051695,-99.166119,2025 July TX Flood,Debris,Good: +/- 0.10 ft,NAVD88,Other (Note in Description box),,Not marked,Handheld GPS,NAD83,STN Admin,STN Admin,TXKER37252,Kerrville WTP,,,TX,Kerr County,,No,30.051695,-99.166119,48586,Guadalupe River,37252,357,2,2,Debris line on south side of river at Kerrville water treatment plant,30.051695,-99.166119,7/9/2025 12:00:00 AM,1638.4,2,4,Right,,8,,1,,Surveyed with handheld GPS only; Courtesy of the Harris County Flood Control District (HCFCD) crew: Lindner/Justice/Wood,Riverine,7/9/2025 12:00:00 AM,,2,1,1,,,HCFCD_83,,,,,,,,,,,,,System.Collections.Generic.HashSet`1[STNDB.file],,,,
30.048183,-99.152919,2025 July TX Flood,Debris,Good: +/- 0.10 ft,NAVD88,Other (Note in Description box),,Not marked,Handheld GPS,NAD83,STN Admin,STN Admin,TXKER37253,Kerrville (394),,,TX,Kerr County,,No,30.048183,-99.152919,48587,Guadalupe River,37253,357,2,2,Debris line on south side of river west of Hwy 394,30.048183,-99.152919,7/9/2025 12:00:00 AM,1627,2,4,Right,,8,,1,,Surveyed with handheld GPS only; Courtesy of the Harris County Flood Control District (HCFCD) crew: Lindner/Justice/Wood,Riverine,7/9/2025 12:00:00 AM,,2,1,1,,,HCFCD_84,,,,,,,,,,,,,System.Collections.Generic.HashSet`1[STNDB.file],,,,
30.040907,-99.142331,2025 July TX Flood,Debris,Good: +/- 0.10 ft,NAVD88,Other (Note in Description box),,Not marked,Handheld GPS,NAD83,STN Admin,STN Admin,TXKER37254,Kerrville,,,TX,Kerr County,,No,30.040907,-99.142331,48588,Guadalupe River,37254,357,2,2,Debris on sidewalk at the corner of Park and La Casa (behind HEB),30.040907,-99.142331,7/9/2025 12:00:00 AM,1615.8,2,4,Right,,8,,1,,Surveyed with handheld GPS only; Courtesy of the Harris County Flood Control District (HCFCD) crew: Lindner/Justice/Wood,Riverine,7/9/2025 12:00:00 AM,,2,1,1,,,HCFCD_85,,,,,,,,,,,,,System.Collections.Generic.HashSet`1[STNDB.file],,,,
30.067273,-99.195644,2025 July TX Flood,Debris,Good: +/- 0.10 ft,NAVD88,Other (Note in Description box),,Not marked,Handheld GPS,NAD83,STN Admin,STN Admin,TXKER37255,Ingram,,,TX,Kerr County,,No,30.067273,-99.195644,48589,Guadalupe River,37255,357,2,2,Debris line on east side of Bear Creek Rd south of the river,30.067273,-99.195644,7/9/2025 12:00:00 AM,1656.3,2,4,Right,,8,,1,,Surveyed with handheld GPS only; Courtesy of the Harris County Flood Control District (HCFCD) crew: Lindner/Justice/Wood,Riverine,7/9/2025 12:00:00 AM,,2,1,1,,,HCFCD_86,,,,,,,,,,,,,System.Collections.Generic.HashSet`1[STNDB.file],,,,
30.068701,-99.200879,2025 July TX Flood,Debris,Good: +/- 0.10 ft,NAVD88,Other (Note in Description box),,Not marked,Handheld GPS,NAD83,STN Admin,STN Admin,TXKER37256,Ingram,,,TX,Kerr County,,No,30.068701,-99.200879,48590,Guadalupe River,37256,357,2,2,Debris line on south bank of river,30.068701,-99.200879,7/9/2025 12:00:00 AM,1659.7,2,4,Right,,8,,1,,Surveyed with handheld GPS only; Courtesy of the Harris County Flood Control District (HCFCD) crew: Lindner/Justice/Wood,Riverine,7/9/2025 12:00:00 AM,,2,1,1,,,HCFCD_87,,,,,,,,,,,,,System.Collections.Generic.HashSet`1[STNDB.file],,,,
30.067704,-99.207014,2025 July TX Flood,Debris,Poor: +/- 0.40 ft,NAVD88,Other (Note in Description box),,Not marked,Handheld GPS,NAD83,STN Admin,STN Admin,TXKER37257,Ingram,,,TX,Kerr County,,No,30.067704,-99.207014,48591,Guadalupe River,37257,357,2,4,Debris line on south river bank,30.067704,-99.207014,7/9/2025 12:00:00 AM,1663.7,2,4,Right,,8,,1,,Surveyed with handheld GPS only; Courtesy of the Harris County Flood Control District (HCFCD) crew: Lindner/Justice/Wood,Riverine,7/9/2025 12:00:00 AM,,2,1,1,,,HCFCD_88,,,,,,,,,,,,,System.Collections.Generic.HashSet`1[STNDB.file],,,,
30.065409,-99.191888,2025 July TX Flood,Debris,Good: +/- 0.10 ft,NAVD88,Other (Note in Description box),,Not marked,Handheld GPS,NAD83,STN Admin,STN Admin,TXKER37258,Ingram,,,TX,Kerr County,,No,30.065409,-99.191888,48592,Guadalupe River,37258,357,2,2,Debris line on south side of river,30.065409,-99.191888,7/9/2025 12:00:00 AM,1655.1,2,4,Right,,8,,1,,Surveyed with handheld GPS only; Courtesy of the Harris County Flood Control District (HCFCD) crew: Lindner/Justice/Wood,Riverine,7/9/2025 12:00:00 AM,,2,1,1,,,HCFCD_89,,,,,,,,,,,,,System.Collections.Generic.HashSet`1[STNDB.file],,,,
30.029354,-99.137217,2025 July TX Flood,Debris,Good: +/- 0.10 ft,NAVD88,Other (Note in Description box),,Not marked,Handheld GPS,NAD83,STN Admin,STN Admin,TXKER37259,Kerrville,,,TX,Kerr County,,No,30.029354,-99.137217,48593,Guadalupe River,37259,357,2,2,Debris line on south side of river behind movie theater,30.029354,-99.137217,7/9/2025 12:00:00 AM,1605.3,2,4,,,8,,1,,Surveyed with handheld GPS only; Courtesy of the Harris County Flood Control District (HCFCD) crew: Lindner/Justice/Wood,Riverine,7/9/2025 12:00:00 AM,,2,1,1,,,HCFCD_90,,,,,,,,,,,,,System.Collections.Generic.HashSet`1[STNDB.file],,,,
30.022156,-99.129375,2025 July TX Flood,Debris,Good: +/- 0.10 ft,NAVD88,Other (Note in Description box),,Not marked,Handheld GPS,NAD83,STN Admin,STN Admin,TXKER37260,Kerrville,,,TX,Kerr County,,No,30.022156,-99.129375,48594,Guadalupe River,37260,357,2,2,Debris line on south bank of river just off Hwy 173,30.022156,-99.129375,7/9/2025 12:00:00 AM,1600.1,2,4,,,8,,1,,Surveyed with handheld GPS only; Courtesy of the Harris County Flood Control District (HCFCD) crew: Lindner/Justice/Wood,Riverine,7/9/2025 12:00:00 AM,,2,1,1,,,HCFCD_91,,,,,,,,,,,,,System.Collections.Generic.HashSet`1[STNDB.file],,,,
30.018538,-99.126151,2025 July TX Flood,Debris,Excellent: +/- 0.05 ft,NAVD88,Other (Note in Description box),,Not marked,Handheld GPS,NAD83,STN Admin,STN Admin,TXKER37261,Kerrville wastewater plant,,,TX,Kerr County,,No,30.018538,-99.126151,48595,Guadalupe River,37261,357,2,1,Debris line on west side of Kerrville wastewater plant,30.018538,-99.126151,7/9/2025 12:00:00 AM,1594.9,2,4,,,8,,1,,Surveyed with handheld GPS only; Courtesy of the Harris County Flood Control District (HCFCD) crew: Lindner/Justice/Wood,Riverine,7/9/2025 12:00:00 AM,,2,1,1,,,HCFCD_92,,,,,,,,,,,,,System.Collections.Generic.HashSet`1[STNDB.file],,,,
30.010162,-99.118035,2025 July TX Flood,Debris,Good: +/- 0.10 ft,NAVD88,Other (Note in Description box),,Not marked,Handheld GPS,NAD83,STN Admin,STN Admin,TXKER37262,Kerrville City Park,,,TX,Kerr County,,No,30.010162,-99.118035,48596,Guadalupe River,37262,357,2,2,Debris line in Kerrville City Park,30.010162,-99.118035,7/9/2025 12:00:00 AM,1584.2,2,4,,,8,,1,,Surveyed with handheld GPS only; Courtesy of the Harris County Flood Control District (HCFCD) crew: Lindner/Justice/Wood,Riverine,7/9/2025 12:00:00 AM,,2,1,1,,,HCFCD_93,,,,,,,,,,,,,System.Collections.Generic.HashSet`1[STNDB.file],,,,
29.996505,-99.108415,2025 July TX Flood,Debris,Good: +/- 0.10 ft,NAVD88,Other (Note in Description box),,Not marked,Handheld GPS,NAD83,STN Admin,STN Admin,TXKER37263,Kerrville,,,TX,Kerr County,,No,29.996505,-99.108415,48597,Guadalupe River,37263,357,2,2,Debris line on south side of river along Hwy 173,29.996505,-99.108415,7/9/2025 12:00:00 AM,1575,2,4,,,8,,1,,Surveyed with handheld GPS only; Courtesy of the Harris County Flood Control District (HCFCD) crew: Lindner/Justice/Wood,Riverine,7/9/2025 12:00:00 AM,,2,1,1,,,HCFCD_94,,,,,,,,,,,,,System.Collections.Generic.HashSet`1[STNDB.file],,,,
29.98776,-99.110295,2025 July TX Flood,Debris,Good: +/- 0.10 ft,NAVD88,Other (Note in Description box),,Not marked,Handheld GPS,NAD83,STN Admin,STN Admin,TXKER37264,Kerrville,,,TX,Kerr County,,No,29.98776,-99.110295,48598,Guadalupe River,37264,357,2,2,Debris line in south side of river just off Hwy 173,29.98776,-99.110295,7/9/2025 12:00:00 AM,1569.5,2,4,,,8,,1,,Surveyed with handheld GPS only; Courtesy of the Harris County Flood Control District (HCFCD) crew: Lindner/Justice/Wood,Riverine,7/9/2025 12:00:00 AM,,2,1,1,,,HCFCD_95,,,,,,,,,,,,,System.Collections.Generic.HashSet`1[STNDB.file],,,,
29.980715,-99.104514,2025 July TX Flood,Debris,Good: +/- 0.10 ft,NAVD88,Other (Note in Description box),,Not marked,Handheld GPS,NAD83,STN Admin,STN Admin,TXKER37265,Kerrville,,,TX,Kerr County,,No,29.980715,-99.104514,48599,Guadalupe River,37265,357,2,2,Debris line on west side of Wharton Rd and south side of river,29.980715,-99.104514,7/9/2025 12:00:00 AM,1561.5,2,4,,,8,,1,,Surveyed with handheld GPS only; Courtesy of the Harris County Flood Control District (HCFCD) crew: Lindner/Justice/Wood,Riverine,7/9/2025 12:00:00 AM,,2,1,1,,,HCFCD_96,,,,,,,,,,,,,System.Collections.Generic.HashSet`1[STNDB.file],,,,
29.97381,-99.095804,2025 July TX Flood,Debris,Good: +/- 0.10 ft,NAVD88,Other (Note in Description box),,Not marked,Handheld GPS,NAD83,STN Admin,STN Admin,TXKER37266,Between Kerrville and Center Point,,,TX,Kerr County,,No,29.97381,-99.095804,48600,Guadalupe River,37266,357,2,2,Debris line south of Wharton Rd,29.97381,-99.095804,7/9/2025 12:00:00 AM,1552.5,2,4,,,8,,1,,Surveyed with handheld GPS only; Courtesy of the Harris County Flood Control District (HCFCD) crew: Lindner/Justice/Wood,Riverine,7/9/2025 12:00:00 AM,,2,1,1,,,HCFCD_97,,,,,,,,,,,,,System.Collections.Generic.HashSet`1[STNDB.file],,,,
29.95748,-99.084672,2025 July TX Flood,Debris,Good: +/- 0.10 ft,NAVD88,Other (Note in Description box),,Not marked,Handheld GPS,NAD83,STN Admin,STN Admin,TXKER37268,Center Point,,,TX,Kerr County,,No,29.95748,-99.084672,48601,Guadalupe River,37268,357,2,2,Debris line across Center point Rd south side of river,29.95748,-99.084672,7/9/2025 12:00:00 AM,1537.9,2,4,,,8,,1,,Surveyed with handheld GPS only; Courtesy of the Harris County Flood Control District (HCFCD) crew: Lindner/Justice/Wood,Riverine,7/9/2025 12:00:00 AM,,2,1,1,,,HCFCD_98,,,,,,,,,,,,,System.Collections.Generic.HashSet`1[STNDB.file],,,,
29.954038,-99.08072,2025 July TX Flood,Debris,Good: +/- 0.10 ft,NAVD88,Other (Note in Description box),,Not marked,Handheld GPS,NAD83,STN Admin,STN Admin,TXKER37269,Center Point,,,TX,Kerr County,,No,29.954038,-99.08072,48602,Guadalupe River,37269,357,2,2,Debris line in field on south side of Center Point Rd near confluence with Turtle creek,29.954038,-99.08072,7/9/2025 12:00:00 AM,1532.6,2,4,,,8,,1,,Surveyed with handheld GPS only; Courtesy of the Harris County Flood Control District (HCFCD) crew: Lindner/Justice/Wood,Riverine,7/9/2025 12:00:00 AM,,2,1,1,,,HCFCD_99,,,,,,,,,,,,,System.Collections.Generic.HashSet`1[STNDB.file],,,,
29.954404,-99.075788,2025 July TX Flood,Debris,Good: +/- 0.10 ft,NAVD88,Other (Note in Description box),,Not marked,Handheld GPS,NAD83,STN Admin,STN Admin,TXKER37270,Center Point,,,TX,Kerr County,,No,29.954404,-99.075788,48603,Guadalupe River,37270,357,2,2,Debris at entrance to old River Rd RV Park,29.954404,-99.075788,7/9/2025 12:00:00 AM,1532.5,2,4,,,8,,1,,Surveyed with handheld GPS only; Courtesy of the Harris County Flood Control District (HCFCD) crew: Lindner/Justice/Wood,Riverine,7/9/2025 12:00:00 AM,,2,1,1,,,HCFCD_100,,,,,,,,,,,,,System.Collections.Generic.HashSet`1[STNDB.file],,,,
29.949684,-99.067415,2025 July TX Flood,Debris,Poor: +/- 0.40 ft,NAVD88,Other (Note in Description box),,Not marked,Handheld GPS,NAD83,STN Admin,STN Admin,TXKER37271,Center Point,,,TX,Kerr County,,No,29.949684,-99.067415,48604,Guadalupe River,37271,357,2,4,Debris line along side of Sutherland LN north of Center Point rd,29.949684,-99.067415,7/9/2025 12:00:00 AM,1526,2,4,,,8,,1,,Surveyed with handheld GPS only; Courtesy of the Harris County Flood Control District (HCFCD) crew: Lindner/Justice/Wood,Riverine,7/9/2025 12:00:00 AM,,2,1,1,,,HCFCD_101,,,,,,,,,,,,,System.Collections.Generic.HashSet`1[STNDB.file],,,,
29.94707,-99.048084,2025 July TX Flood,Debris,Good: +/- 0.10 ft,NAVD88,Other (Note in Description box),,Not marked,Handheld GPS,NAD83,STN Admin,STN Admin,TXKER37272,Center Point,,,TX,Kerr County,,No,29.94707,-99.048084,48605,Guadalupe River,37272,357,2,2,Debris along along north side of Center Point Rd,29.94707,-99.048084,7/9/2025 12:00:00 AM,1513.7,2,4,,,8,,1,,Surveyed with handheld GPS only; Courtesy of the Harris County Flood Control District (HCFCD) crew: Lindner/Justice/Wood,Riverine,7/9/2025 12:00:00 AM,,2,1,1,,,HCFCD_102,,,,,,,,,,,,,System.Collections.Generic.HashSet`1[STNDB.file],,,,
29.948864,-99.039603,2025 July TX Flood,Debris,Poor: +/- 0.40 ft,NAVD88,Other (Note in Description box),,Not marked,Handheld GPS,NAD83,STN Admin,STN Admin,TXKER37273,Center Point,,,TX,Kerr County,,No,29.948864,-99.039603,48606,Guadalupe River,37273,357,2,4,Debris line along fence north of River and south of Hwy 27,29.948864,-99.039603,7/9/2025 12:00:00 AM,1507.3,2,4,,,8,,1,,Surveyed with handheld GPS only; Courtesy of the Harris County Flood Control District (HCFCD) crew: Lindner/Justice/Wood,Riverine,7/9/2025 12:00:00 AM,,2,1,1,,,HCFCD_103,,,,,,,,,,,,,System.Collections.Generic.HashSet`1[STNDB.file],,,,
29.944552,-99.039523,2025 July TX Flood,Debris,Good: +/- 0.10 ft,NAVD88,Other (Note in Description box),,Not marked,Handheld GPS,NAD83,STN Admin,STN Admin,TXKER37274,Center Point,,,TX,Kerr County,,No,29.944552,-99.039523,48607,Guadalupe River,37274,357,2,2,Debris line in church parking lot on south side of river west of FM 480,29.944552,-99.039523,7/9/2025 12:00:00 AM,1510.2,2,4,,,8,,1,,Surveyed with handheld GPS only; Courtesy of the Harris County Flood Control District (HCFCD) crew: Lindner/Justice/Wood,Riverine,7/9/2025 12:00:00 AM,,2,1,1,,,HCFCD_104,,,,,,,,,,,,,System.Collections.Generic.HashSet`1[STNDB.file],,,,
29.947269,-99.035188,2025 July TX Flood,Debris,Good: +/- 0.10 ft,NAVD88,Other (Note in Description box),,Not marked,Handheld GPS,NAD83,STN Admin,STN Admin,TXKER37275,Center Point,,,TX,Kerr County,,No,29.947269,-99.035188,48608,Guadalupe River,37275,357,2,2,Debris line along south side of the river,29.947269,-99.035188,7/9/2025 12:00:00 AM,1505.1,2,4,,,8,,1,,Surveyed with handheld GPS only; Courtesy of the Harris County Flood Control District (HCFCD) crew: Lindner/Justice/Wood,Riverine,7/9/2025 12:00:00 AM,,2,1,1,,,HCFCD_105,,,,,,,,,,,,,System.Collections.Generic.HashSet`1[STNDB.file],,,,
29.943855,-99.046669,2025 July TX Flood,Debris,Good: +/- 0.10 ft,NAVD88,Other (Note in Description box),,Not marked,Handheld GPS,NAD83,STN Admin,STN Admin,TXKER37276,Center Point,,,TX,Kerr County,,No,29.943855,-99.046669,48609,Guadalupe River,37276,357,2,2,Debris in yard on south side of the river,29.943855,-99.046669,7/9/2025 12:00:00 AM,1512.6,2,4,,,8,,1,,Surveyed with handheld GPS only; Courtesy of the Harris County Flood Control District (HCFCD) crew: Lindner/Justice/Wood,Riverine,7/9/2025 12:00:00 AM,,2,1,1,,,HCFCD_106,,,,,,,,,,,,,System.Collections.Generic.HashSet`1[STNDB.file],,,,
29.942573,-99.062456,2025 July TX Flood,Debris,Poor: +/- 0.40 ft,NAVD88,Other (Note in Description box),,Not marked,Handheld GPS,NAD83,STN Admin,STN Admin,TXKER37277,Center Point,,,TX,Kerr County,,No,29.942573,-99.062456,48610,Guadalupe River,37277,357,2,4,Debris line on hill south side of river,29.942573,-99.062456,7/9/2025 12:00:00 AM,1521.4,2,4,,,8,,1,,Surveyed with handheld GPS only; Courtesy of the Harris County Flood Control District (HCFCD) crew: Lindner/Justice/Wood,Riverine,7/9/2025 12:00:00 AM,,2,1,1,,,HCFCD_107,,,,,,,,,,,,,System.Collections.Generic.HashSet`1[STNDB.file],,,,
29.951345,-99.033488,2025 July TX Flood,Debris,Good: +/- 0.10 ft,NAVD88,Other (Note in Description box),,Not marked,Handheld GPS,NAD83,STN Admin,STN Admin,TXKER37278,Center Point,,,TX,Kerr County,,No,29.951345,-99.033488,48611,Guadalupe River,37278,357,2,2,Debris line along east side stoneleigh Rd north of HWY 27,29.951345,-99.033488,7/9/2025 12:00:00 AM,1504.3,2,4,,,8,,1,,Surveyed with handheld GPS only; Courtesy of the Harris County Flood Control District (HCFCD) crew: Lindner/Justice/Wood,Riverine,7/9/2025 12:00:00 AM,,2,1,1,,,HCFCD_108,,,,,,,,,,,,,System.Collections.Generic.HashSet`1[STNDB.file],,,,
29.964988,-99.087411,2025 July TX Flood,Debris,Poor: +/- 0.40 ft,NAVD88,Other (Note in Description box),,Not marked,Handheld GPS,NAD83,STN Admin,STN Admin,TXKER37279,Center Point,,,TX,Kerr County,,No,29.964988,-99.087411,48612,Guadalupe River,37279,357,2,4,Debris line at sand pit north side of river,29.964988,-99.087411,7/9/2025 12:00:00 AM,1539.9,2,4,,,8,,1,,Surveyed with handheld GPS only; Courtesy of the Harris County Flood Control District (HCFCD) crew: Lindner/Justice/Wood,Riverine,7/9/2025 12:00:00 AM,,2,1,1,,,HCFCD_109,,,,,,,,,,,,,System.Collections.Generic.HashSet`1[STNDB.file],,,,
29.980291,-99.097309,2025 July TX Flood,Debris,Good: +/- 0.10 ft,NAVD88,Other (Note in Description box),,Not marked,Handheld GPS,NAD83,STN Admin,STN Admin,TXKER37280,Center Point,,,TX,Kerr County,,No,29.980291,-99.097309,48613,Guadalupe River,37280,357,2,2,Debris line at end of paradise Ave,29.980291,-99.097309,7/9/2025 12:00:00 AM,1556.8,2,4,,,8,,1,,Surveyed with handheld GPS only; Courtesy of the Harris County Flood Control District (HCFCD) crew: Lindner/Justice/Wood,Riverine,7/9/2025 12:00:00 AM,,2,1,1,,,HCFCD_110,,,,,,,,,,,,,System.Collections.Generic.HashSet`1[STNDB.file],,,,
29.988332,-99.107304,2025 July TX Flood,Debris,Poor: +/- 0.40 ft,NAVD88,Other (Note in Description box),,Not marked,Handheld GPS,NAD83,STN Admin,STN Admin,TXKER37281,Center Point,,,TX,Kerr County,,No,29.988332,-99.107304,48614,Guadalupe River,37281,357,2,4,Debris in open field on north side of river,29.988332,-99.107304,7/9/2025 12:00:00 AM,1566.8,2,4,,,8,,1,,Surveyed with handheld GPS only; Courtesy of the Harris County Flood Control District (HCFCD) crew: Lindner/Justice/Wood,Riverine,7/9/2025 12:00:00 AM,,2,1,1,,,HCFCD_111,,,,,,,,,,,,,System.Collections.Generic.HashSet`1[STNDB.file],,,,
29.984196,-99.105373,2025 July TX Flood,Debris,Excellent: +/- 0.05 ft,NAVD88,Other (Note in Description box),,Not marked,Handheld GPS,NAD83,STN Admin,STN Admin,TXKER37282,Center Point,,,TX,Kerr County,,No,29.984196,-99.105373,48615,Guadalupe River,37282,357,2,1,Well defined debris line on cleared slope on north river bank,29.984196,-99.105373,7/9/2025 12:00:00 AM,1562.9,2,4,,,8,,1,,Surveyed with handheld GPS only; Courtesy of the Harris County Flood Control District (HCFCD) crew: Lindner/Justice/Wood,Riverine,7/9/2025 12:00:00 AM,,2,1,1,,,HCFCD_112,,,,,,,,,,,,,System.Collections.Generic.HashSet`1[STNDB.file],,,,
29.997525,-99.105351,2025 July TX Flood,Debris,Poor: +/- 0.40 ft,NAVD88,Other (Note in Description box),,Not marked,Handheld GPS,NAD83,STN Admin,STN Admin,TXKER37283,Center Point,,,TX,Kerr County,,No,29.997525,-99.105351,48616,Guadalupe River,37283,357,2,4,Debris line on north side of river at spillway structure,29.997525,-99.105351,7/9/2025 12:00:00 AM,1573.4,2,4,,,8,,1,,Surveyed with handheld GPS only; Courtesy of the Harris County Flood Control District (HCFCD) crew: Lindner/Justice/Wood,Riverine,7/9/2025 12:00:00 AM,,2,1,1,,,HCFCD_113,,,,,,,,,,,,,System.Collections.Generic.HashSet`1[STNDB.file],,,,
30.047914,-99.144519,2025 July TX Flood,Debris,Good: +/- 0.10 ft,NAVD88,Other (Note in Description box),,Not marked,Handheld GPS,NAD83,STN Admin,STN Admin,TXKER37284,Kerrville Library,,,TX,Kerr County,,No,30.047914,-99.144519,48617,Guadalupe River,37284,357,2,2,Debris line on concrete ramps behind Kerrville Librarythird ramp,30.047914,-99.144519,7/9/2025 12:00:00 AM,1619.8,2,4,,,8,,1,,Surveyed with handheld GPS only; Courtesy of the Harris County Flood Control District (HCFCD) crew: Lindner/Justice/Wood,Riverine,7/9/2025 12:00:00 AM,,2,1,1,,,HCFCD_114,,,,,,,,,,,,,System.Collections.Generic.HashSet`1[STNDB.file],,,,
30.050942,-99.147401,2025 July TX Flood,Debris,Good: +/- 0.10 ft,NAVD88,Other (Note in Description box),,Not marked,Handheld GPS,NAD83,STN Admin,STN Admin,TXKER37285,Kerrville,,,TX,Kerr County,,No,30.050942,-99.147401,48618,Guadalupe River,37285,357,2,2,Debris line on west side Hwy 394,30.050942,-99.147401,7/9/2025 12:00:00 AM,1625.3,2,4,,,8,,1,,Surveyed with handheld GPS only; Courtesy of the Harris County Flood Control District (HCFCD) crew: Lindner/Justice/Wood,Riverine,7/9/2025 12:00:00 AM,,2,1,1,,,HCFCD_115,,,,,,,,,,,,,System.Collections.Generic.HashSet`1[STNDB.file],,,,
30.052813,-99.150235,2025 July TX Flood,Debris,Good: +/- 0.10 ft,NAVD88,Other (Note in Description box),,Not marked,Handheld GPS,NAD83,STN Admin,STN Admin,TXKER37286,Kerrville,,,TX,Kerr County,,No,30.052813,-99.150235,48619,Guadalupe River,37286,357,2,2,Debris line in parking lot north of rivermultiple houses flooded,30.052813,-99.150235,7/9/2025 12:00:00 AM,1625.6,2,4,,,8,,1,,Surveyed with handheld GPS only; Courtesy of the Harris County Flood Control District (HCFCD) crew: Lindner/Justice/Wood,Riverine,7/9/2025 12:00:00 AM,,2,1,1,,,HCFCD_116,,,,,,,,,,,,,System.Collections.Generic.HashSet`1[STNDB.file],,,,
30.051831,-99.158394,2025 July TX Flood,Debris,Good: +/- 0.10 ft,NAVD88,Other (Note in Description box),,Not marked,Handheld GPS,NAD83,STN Admin,STN Admin,TXKER37287,Kerrville,,,TX,Kerr County,,No,30.051831,-99.158394,48620,Guadalupe River,37287,357,2,2,Faint debris line on west side of Center st north of Guadalupe st,30.051831,-99.158394,7/9/2025 12:00:00 AM,1632.3,2,4,,,8,,1,,Surveyed with handheld GPS only; Courtesy of the Harris County Flood Control District (HCFCD) crew: Lindner/Justice/Wood,Riverine,7/9/2025 12:00:00 AM,,2,1,1,,,HCFCD_117,,,,,,,,,,,,,System.Collections.Generic.HashSet`1[STNDB.file],,,,
30.053621,-99.163852,2025 July TX Flood,Debris,Good: +/- 0.10 ft,NAVD88,Other (Note in Description box),,Not marked,Handheld GPS,NAD83,STN Admin,STN Admin,TXKER37288,Kerrville (USGS gage),,,TX,Kerr County,,No,30.053621,-99.163852,48621,Guadalupe River,37288,357,2,2,Debris line on south side of Guad Sthouses flooded near river,30.053621,-99.163852,7/9/2025 12:00:00 AM,1637.4,2,4,,,8,,1,,Surveyed with handheld GPS only; Courtesy of the Harris County Flood Control District (HCFCD) crew: Lindner/Justice/Wood,Riverine,7/9/2025 12:00:00 AM,,2,1,1,,,HCFCD_118,,,,,,,,,,,,,System.Collections.Generic.HashSet`1[STNDB.file],,,,
30.062171,-99.172015,2025 July TX Flood,Debris,Good: +/- 0.10 ft,NAVD88,Other (Note in Description box),,Not marked,Handheld GPS,NAD83,STN Admin,STN Admin,TXKER37289,Kerrville,,,TX,Kerr County,,No,30.062171,-99.172015,48622,Guadalupe River,37289,357,2,2,Debris line on behind AT&T store on north side of river bank,30.062171,-99.172015,7/9/2025 12:00:00 AM,1643.7,2,4,,,8,,1,,Surveyed with handheld GPS only; Courtesy of the Harris County Flood Control District (HCFCD) crew: Lindner/Justice/Wood,Riverine,7/9/2025 12:00:00 AM,,2,1,1,,,HCFCD_119,,,,,,,,,,,,,System.Collections.Generic.HashSet`1[STNDB.file],,,,
30.066216,-99.179515,2025 July TX Flood,Debris,Good: +/- 0.10 ft,NAVD88,Other (Note in Description box),,Not marked,Handheld GPS,NAD83,STN Admin,STN Admin,TXKER37290,Kerrville,,,TX,Kerr County,,No,30.066216,-99.179515,48623,Guadalupe River,37290,357,2,2,Debris line along S shoulder of HWY 27businesses flooded,30.066216,-99.179515,7/9/2025 12:00:00 AM,1646.6,2,4,,,8,,1,,Surveyed with handheld GPS only; Courtesy of the Harris County Flood Control District (HCFCD) crew: Lindner/Justice/Wood,Riverine,7/9/2025 12:00:00 AM,,2,1,1,,,HCFCD_120,,,,,,,,,,,,,System.Collections.Generic.HashSet`1[STNDB.file],,,,
30.073533,-99.246484,2025 July TX Flood,Debris,Good: +/- 0.10 ft,NAVD88,Other (Note in Description box),,Not marked,Handheld GPS,NAD83,STN Admin,STN Admin,TXKER37291,Johnson Creek at Hwy 27,,,TX,Kerr County,,No,30.073533,-99.246484,48624,Guadalupe River,37291,357,2,2,Debris line on north side of HWY 27 at Johnson Creekno homes flooded on Ingram Loop,30.073533,-99.246484,7/9/2025 12:00:00 AM,1695.2,2,4,,,8,,1,,Surveyed with handheld GPS only; Courtesy of the Harris County Flood Control District (HCFCD) crew: Lindner/Justice/Wood,Riverine,7/9/2025 12:00:00 AM,,2,1,1,,,HCFCD_121,,,,,,,,,,,,,System.Collections.Generic.HashSet`1[STNDB.file],,,,
30.073775,-99.24817,2025 July TX Flood,Debris,Poor: +/- 0.40 ft,NAVD88,Other (Note in Description box),,Not marked,Handheld GPS,NAD83,STN Admin,STN Admin,TXKER37292,Johnson Creek at Hwy 27,,,TX,Kerr County,,No,30.073775,-99.24817,48625,Guadalupe River,37292,357,2,4,Debris on concrete paving west side of Johnson Creek north of HWY 27,30.073775,-99.24817,7/9/2025 12:00:00 AM,1694.7,2,4,,,8,,1,,Surveyed with handheld GPS only; Courtesy of the Harris County Flood Control District (HCFCD) crew: Lindner/Justice/Wood,Riverine,7/9/2025 12:00:00 AM,,2,1,1,,,HCFCD_122,,,,,,,,,,,,,System.Collections.Generic.HashSet`1[STNDB.file],,,,
30.082069,-99.343681,2025 July TX Flood,Debris,Good: +/- 0.10 ft,NAVD88,Other (Note in Description box),,Not marked,Handheld GPS,NAD83,STN Admin,STN Admin,TXKER37293,North of Hunt (north fork),,,TX,Kerr County,,No,30.082069,-99.343681,48626,Guadalupe River,37293,357,2,2,Debris line on hill side north of river,30.082069,-99.343681,7/9/2025 12:00:00 AM,1776.5,2,4,,,8,,1,,Surveyed with handheld GPS only; Courtesy of the Harris County Flood Control District (HCFCD) crew: Lindner/Justice/Wood,Riverine,7/9/2025 12:00:00 AM,,2,1,1,,,HCFCD_123,,,,,,,,,,,,,System.Collections.Generic.HashSet`1[STNDB.file],,,,
30.077349,-99.343654,2025 July TX Flood,Debris,Poor: +/- 0.40 ft,NAVD88,Other (Note in Description box),,Not marked,Handheld GPS,NAD83,STN Admin,STN Admin,TXKER37294,Hunt (north fork),,,TX,Kerr County,,No,30.077349,-99.343654,48627,Guadalupe River,37294,357,2,4,Debris line on north side of FM 1340 south of river,30.077349,-99.343654,7/10/2025 12:00:00 AM,1777,2,4,,,8,,1,,Surveyed with handheld GPS only; Courtesy of the Harris County Flood Control District (HCFCD) crew: Lindner/Justice/Wood,Riverine,7/10/2025 12:00:00 AM,,2,1,1,,,HCFCD_124,,,,,,,,,,,,,System.Collections.Generic.HashSet`1[STNDB.file],,,,
29.944681,-99.025283,2025 July TX Flood,Debris,Good: +/- 0.10 ft,NAVD88,Other (Note in Description box),,Not marked,Handheld GPS,NAD83,STN Admin,STN Admin,TXKER37295,Center Point,,,TX,Kerr County,,No,29.944681,-99.025283,48628,Guadalupe River,37295,357,2,2,Debris line on top of north side river bank,29.944681,-99.025283,7/10/2025 12:00:00 AM,1500.1,2,4,,,8,,1,,Surveyed with handheld GPS only; Courtesy of the Harris County Flood Control District (HCFCD) crew: Lindner/Justice/Wood,Riverine,7/10/2025 12:00:00 AM,,2,1,1,,,HCFCD_125,,,,,,,,,,,,,System.Collections.Generic.HashSet`1[STNDB.file],,,,
29.940505,-99.008318,2025 July TX Flood,Debris,Poor: +/- 0.40 ft,NAVD88,Other (Note in Description box),,Not marked,Handheld GPS,NAD83,STN Admin,STN Admin,TXKER37296,Center Point,,,TX,Kerr County,,No,29.940505,-99.008318,48629,Guadalupe River,37296,357,2,4,Debris line on north side of river crossing,29.940505,-99.008318,7/10/2025 12:00:00 AM,1484.7,2,4,,,8,,1,,Surveyed with handheld GPS only; Courtesy of the Harris County Flood Control District (HCFCD) crew: Lindner/Justice/Wood,Riverine,7/10/2025 12:00:00 AM,,2,1,1,,,HCFCD_126,,,,,,,,,,,,,System.Collections.Generic.HashSet`1[STNDB.file],,,,
29.940426,-99.023784,2025 July TX Flood,Debris,Good: +/- 0.10 ft,NAVD88,Other (Note in Description box),,Not marked,Handheld GPS,NAD83,STN Admin,STN Admin,TXKER37297,Center Point,,,TX,Kerr County,,No,29.940426,-99.023784,48630,Guadalupe River,37297,357,2,2,Debris line on north side of China Rd (south side of river),29.940426,-99.023784,7/10/2025 12:00:00 AM,1494.5,2,4,,,8,,1,,Surveyed with handheld GPS only; Courtesy of the Harris County Flood Control District (HCFCD) crew: Lindner/Justice/Wood,Riverine,7/10/2025 12:00:00 AM,,2,1,1,,,HCFCD_127,,,,,,,,,,,,,System.Collections.Generic.HashSet`1[STNDB.file],,,,
29.939213,-99.011606,2025 July TX Flood,Debris,Good: +/- 0.10 ft,NAVD88,Other (Note in Description box),,Not marked,Handheld GPS,NAD83,STN Admin,STN Admin,TXKER37298,Center Point,,,TX,Kerr County,,No,29.939213,-99.011606,48631,Guadalupe River,37298,357,2,2,Debris line on south side of China Rd,29.939213,-99.011606,7/10/2025 12:00:00 AM,1486.6,2,4,,,8,,1,,Surveyed with handheld GPS only; Courtesy of the Harris County Flood Control District (HCFCD) crew: Lindner/Justice/Wood,Riverine,7/10/2025 12:00:00 AM,,2,1,1,,,HCFCD_128,,,,,,,,,,,,,System.Collections.Generic.HashSet`1[STNDB.file],,,,
29.937637,-98.999046,2025 July TX Flood,Debris,Poor: +/- 0.40 ft,NAVD88,Other (Note in Description box),,Not marked,Handheld GPS,NAD83,STN Admin,STN Admin,TXKER37299,Center Point,,,TX,Kerr County,,No,29.937637,-98.999046,48632,Guadalupe River,37299,357,2,4,Debris line on small berm on south side of river,29.937637,-98.999046,7/10/2025 12:00:00 AM,1479.8,2,4,,,8,,1,,Surveyed with handheld GPS only; Courtesy of the Harris County Flood Control District (HCFCD) crew: Lindner/Justice/Wood,Riverine,7/10/2025 12:00:00 AM,,2,1,1,,,HCFCD_129,,,,,,,,,,,,,System.Collections.Generic.HashSet`1[STNDB.file],,,,
29.941657,-98.99344,2025 July TX Flood,Debris,Good: +/- 0.10 ft,NAVD88,Other (Note in Description box),,Not marked,Handheld GPS,NAD83,STN Admin,STN Admin,TXKER37300,Center Point,,,TX,Kerr County,,No,29.941657,-98.99344,48633,Guadalupe River,37300,357,2,2,Debris line on north side river bank,29.941657,-98.99344,7/10/2025 12:00:00 AM,1477.3,2,4,,,8,,1,,Surveyed with handheld GPS only; Courtesy of the Harris County Flood Control District (HCFCD) crew: Lindner/Justice/Wood,Riverine,7/10/2025 12:00:00 AM,,2,1,1,,,HCFCD_130,,,,,,,,,,,,,System.Collections.Generic.HashSet`1[STNDB.file],,,,
29.936174,-98.984349,2025 July TX Flood,Debris,Poor: +/- 0.40 ft,NAVD88,Other (Note in Description box),,Not marked,Handheld GPS,NAD83,STN Admin,STN Admin,TXKER37301,Center Point,,,TX,Kerr County,,No,29.936174,-98.984349,48634,Guadalupe River,37301,357,2,4,Debris line on south river bank,29.936174,-98.984349,7/10/2025 12:00:00 AM,1468.3,2,4,,,8,,1,,Surveyed with handheld GPS only; Courtesy of the Harris County Flood Control District (HCFCD) crew: Lindner/Justice/Wood,Riverine,7/10/2025 12:00:00 AM,,2,1,1,,,HCFCD_131,,,,,,,,,,,,,System.Collections.Generic.HashSet`1[STNDB.file],,,,
29.939426,-98.984976,2025 July TX Flood,Debris,Good: +/- 0.10 ft,NAVD88,Other (Note in Description box),,Not marked,Handheld GPS,NAD83,STN Admin,STN Admin,TXKER37302,Center Point,,,TX,Kerr County,,No,29.939426,-98.984976,48635,Guadalupe River,37302,357,2,2,Debris line on north bank of river,29.939426,-98.984976,7/10/2025 12:00:00 AM,1468.9,2,4,,,8,,1,,Surveyed with handheld GPS only; Courtesy of the Harris County Flood Control District (HCFCD) crew: Lindner/Justice/Wood,Riverine,7/10/2025 12:00:00 AM,,2,1,1,,,HCFCD_132,,,,,,,,,,,,,System.Collections.Generic.HashSet`1[STNDB.file],,,,
29.939941,-98.960189,2025 July TX Flood,Debris,Good: +/- 0.10 ft,NAVD88,Other (Note in Description box),,Not marked,Handheld GPS,NAD83,STN Admin,STN Admin,TXKER37303,Center Point,,,TX,Kerr County,,No,29.939941,-98.960189,48636,Guadalupe River,37303,357,2,2,Debris line along side of road south of Hwy 27,29.939941,-98.960189,7/10/2025 12:00:00 AM,1453,2,4,,,8,,1,,Surveyed with handheld GPS only; Courtesy of the Harris County Flood Control District (HCFCD) crew: Lindner/Justice/Wood,Riverine,7/10/2025 12:00:00 AM,,2,1,1,,,HCFCD_133,,,,,,,,,,,,,System.Collections.Generic.HashSet`1[STNDB.file],,,,
29.935528,-98.960136,2025 July TX Flood,Debris,Poor: +/- 0.40 ft,NAVD88,Other (Note in Description box),,Not marked,Handheld GPS,NAD83,STN Admin,STN Admin,TXKER37304,Center Point,,,TX,Kerr County,,No,29.935528,-98.960136,48637,Guadalupe River,37304,357,2,4,Debris line in south side of river bank,29.935528,-98.960136,7/10/2025 12:00:00 AM,1452.7,2,4,,,8,,1,,Surveyed with handheld GPS only; Courtesy of the Harris County Flood Control District (HCFCD) crew: Lindner/Justice/Wood,Riverine,7/10/2025 12:00:00 AM,,2,1,1,,,HCFCD_134,,,,,,,,,,,,,System.Collections.Generic.HashSet`1[STNDB.file],,,,
29.941719,-98.948475,2025 July TX Flood,Debris,Good: +/- 0.10 ft,NAVD88,Other (Note in Description box),,Not marked,Handheld GPS,NAD83,STN Admin,STN Admin,TXKER37305,Between Center Point and Comfort,,,TX,Kerr County,,No,29.941719,-98.948475,48638,Guadalupe River,37305,357,2,2,Debris line in open field on north side of river,29.941719,-98.948475,7/10/2025 12:00:00 AM,1446.9,2,4,,,8,,1,,Surveyed with handheld GPS only; Courtesy of the Harris County Flood Control District (HCFCD) crew: Lindner/Justice/Wood,Riverine,7/10/2025 12:00:00 AM,,2,1,1,,,HCFCD_135,,,,,,,,,,,,,System.Collections.Generic.HashSet`1[STNDB.file],,,,
29.952215,-98.933619,2025 July TX Flood,Debris,Good: +/- 0.10 ft,NAVD88,Other (Note in Description box),,Not marked,Handheld GPS,NAD83,STN Admin,STN Admin,TXKER37306,Between Center Point and Comfort,,,TX,Kerr County,,No,29.952215,-98.933619,48639,Guadalupe River,37306,357,2,2,Debris line along south side of Hwy 27,29.952215,-98.933619,7/10/2025 12:00:00 AM,1429.7,2,4,,,8,,1,,Surveyed with handheld GPS only; Courtesy of the Harris County Flood Control District (HCFCD) crew: Lindner/Justice/Wood,Riverine,7/10/2025 12:00:00 AM,,2,1,1,,,HCFCD_136,,,,,,,,,,,,,System.Collections.Generic.HashSet`1[STNDB.file],,,,
29.952659,-98.924954,2025 July TX Flood,Debris,Good: +/- 0.10 ft,NAVD88,Other (Note in Description box),,Not marked,Handheld GPS,NAD83,STN Admin,STN Admin,TXKER37308,"Comfort, TX",,,TX,Kerr County,,No,29.952659,-98.924954,48640,Guadalupe River,37308,357,2,2,Debris line on north side of river bank near Comfort RV park,29.952659,-98.924954,7/10/2025 12:00:00 AM,1424.8,2,4,,,8,,1,,Surveyed with handheld GPS only; Courtesy of the Harris County Flood Control District (HCFCD) crew: Lindner/Justice/Wood,Riverine,7/10/2025 12:00:00 AM,,2,1,1,,,HCFCD_137,,,,,,,,,,,,,System.Collections.Generic.HashSet`1[STNDB.file],,,,
29.947081,-98.929795,2025 July TX Flood,Debris,Good: +/- 0.10 ft,NAVD88,Other (Note in Description box),,Not marked,Handheld GPS,NAD83,STN Admin,STN Admin,TXKER37310,"Comfort, TX",,,TX,Kerr County,,No,29.947081,-98.929795,48641,Guadalupe River,37310,357,2,2,Debris along rd Herman Sons rd,29.947081,-98.929795,7/10/2025 12:00:00 AM,1428.9,2,4,,,8,,1,,Surveyed with handheld GPS only; Courtesy of the Harris County Flood Control District (HCFCD) crew: Lindner/Justice/Wood,Riverine,7/10/2025 12:00:00 AM,,2,1,1,,,HCFCD_138,,,,,,,,,,,,,System.Collections.Generic.HashSet`1[STNDB.file],,,,
29.945874,-98.934865,2025 July TX Flood,Debris,Good: +/- 0.10 ft,NAVD88,Other (Note in Description box),,Not marked,Handheld GPS,NAD83,STN Admin,STN Admin,TXKER37311,"Comfort, TX",,,TX,Kerr County,,No,29.945874,-98.934865,48642,Guadalupe River,37311,357,2,2,Debris line on south side river bank along Herman Sons Rd,29.945874,-98.934865,7/10/2025 12:00:00 AM,1433,2,4,,,8,,1,,Surveyed with handheld GPS only; Courtesy of the Harris County Flood Control District (HCFCD) crew: Lindner/Justice/Wood,Riverine,7/10/2025 12:00:00 AM,,2,1,1,,,HCFCD_139,,,,,,,,,,,,,System.Collections.Generic.HashSet`1[STNDB.file],,,,
29.954906,-98.919627,2025 July TX Flood,Debris,Good: +/- 0.10 ft,NAVD88,Other (Note in Description box),,Not marked,Handheld GPS,NAD83,STN Admin,STN Admin,TXKEN37312,"Comfort, TX",,,TX,Kendall County,,No,29.954906,-98.919627,48643,Guadalupe River,37312,357,2,2,Debris line on north side of river bank,29.954906,-98.919627,7/10/2025 12:00:00 AM,1422.1,2,4,,,8,,1,,Surveyed with handheld GPS only; Courtesy of the Harris County Flood Control District (HCFCD) crew: Lindner/Justice/Wood,Riverine,7/10/2025 12:00:00 AM,,2,1,1,,,HCFCD_140,,,,,,,,,,,,,System.Collections.Generic.HashSet`1[STNDB.file],,,,
29.951648,-98.916014,2025 July TX Flood,Debris,Good: +/- 0.10 ft,NAVD88,Other (Note in Description box),,Not marked,Handheld GPS,NAD83,STN Admin,STN Admin,TXKEN37313,"Comfort, TX",,,TX,Kendall County,,No,29.951648,-98.916014,48644,Guadalupe River,37313,357,2,2,Debris line on south side river bank,29.951648,-98.916014,7/10/2025 12:00:00 AM,1422.1,2,4,,,8,,1,,Surveyed with handheld GPS only; Courtesy of the Harris County Flood Control District (HCFCD) crew: Lindner/Justice/Wood,Riverine,7/10/2025 12:00:00 AM,,2,1,1,,,HCFCD_141,,,,,,,,,,,,,System.Collections.Generic.HashSet`1[STNDB.file],,,,
29.964434,-98.900559,2025 July TX Flood,Debris,Good: +/- 0.10 ft,NAVD88,Other (Note in Description box),,Not marked,Handheld GPS,NAD83,STN Admin,STN Admin,TXKEN37314,"Comfort, TX",,,TX,Kendall County,,No,29.964434,-98.900559,48645,Guadalupe River,37314,357,2,2,Debris line in yard of 1006 High St on north side of river,29.964434,-98.900559,7/10/2025 12:00:00 AM,1407.5,2,4,,,8,,1,,Surveyed with handheld GPS only; Courtesy of the Harris County Flood Control District (HCFCD) crew: Lindner/Justice/Wood,Riverine,7/10/2025 12:00:00 AM,,2,1,1,,,HCFCD_142,,,,,,,,,,,,,System.Collections.Generic.HashSet`1[STNDB.file],,,,
29.963988,-98.895005,2025 July TX Flood,Debris,Excellent: +/- 0.05 ft,NAVD88,Other (Note in Description box),,Not marked,Handheld GPS,NAD83,STN Admin,STN Admin,TXKEN37315,"Comfort, TX",,,TX,Kendall County,,No,29.963988,-98.895005,48646,Guadalupe River,37315,357,2,1,Debris line across High St on south side of river,29.963988,-98.895005,7/10/2025 12:00:00 AM,1407.5,2,4,,,8,,1,,Surveyed with handheld GPS only; Courtesy of the Harris County Flood Control District (HCFCD) crew: Lindner/Justice/Wood,Riverine,7/10/2025 12:00:00 AM,,2,1,1,,,HCFCD_143,,,,,,,,,,,,,System.Collections.Generic.HashSet`1[STNDB.file],,,,
29.97058,-98.892445,2025 July TX Flood,Debris,Good: +/- 0.10 ft,NAVD88,Other (Note in Description box),,Not marked,Handheld GPS,NAD83,STN Admin,STN Admin,TXKEN37316,"Comfort, TX",,,TX,Kendall County,,No,29.97058,-98.892445,48647,Guadalupe River,37316,357,2,2,Debris line under I-10 bridge crossing,29.97058,-98.892445,7/10/2025 12:00:00 AM,1403.4,2,4,,,8,,1,,Surveyed with handheld GPS only; Courtesy of the Harris County Flood Control District (HCFCD) crew: Lindner/Justice/Wood,Riverine,7/10/2025 12:00:00 AM,,2,1,1,,,HCFCD_144,,,,,,,,,,,,,System.Collections.Generic.HashSet`1[STNDB.file],,,,
29.977677,-98.846869,2025 July TX Flood,Debris,Good: +/- 0.10 ft,NAVD88,Other (Note in Description box),,Not marked,Handheld GPS,NAD83,STN Admin,STN Admin,TXKEN37317,"East of Comfort, TX",,,TX,Kendall County,,No,29.977677,-98.846869,48648,Guadalupe River,37317,357,2,2,Debris line on north side of river bank,29.977677,-98.846869,7/10/2025 12:00:00 AM,1366.3,2,4,,,8,,1,,Surveyed with handheld GPS only; Courtesy of the Harris County Flood Control District (HCFCD) crew: Lindner/Justice/Wood,Riverine,7/10/2025 12:00:00 AM,,2,1,1,,,HCFCD_145,,,,,,,,,,,,,System.Collections.Generic.HashSet`1[STNDB.file],,,,
29.975896,-98.843202,2025 July TX Flood,Debris,Poor: +/- 0.40 ft,NAVD88,Other (Note in Description box),,Not marked,Handheld GPS,NAD83,STN Admin,STN Admin,TXKEN37318,"East of Comfort, TX",,,TX,Kendall County,,No,29.975896,-98.843202,48649,Guadalupe River,37318,357,2,4,Debris line on south side of river,29.975896,-98.843202,7/10/2025 12:00:00 AM,1365.5,2,4,,,8,,1,,Surveyed with handheld GPS only; Courtesy of the Harris County Flood Control District (HCFCD) crew: Lindner/Justice/Wood,Riverine,7/10/2025 12:00:00 AM,,2,1,1,,,HCFCD_146,,,,,,,,,,,,,System.Collections.Generic.HashSet`1[STNDB.file],,,,
29.973037,-98.835584,2025 July TX Flood,Debris,Poor: +/- 0.40 ft,NAVD88,Other (Note in Description box),,Not marked,Handheld GPS,NAD83,STN Admin,STN Admin,TXKEN37319,"East of Comfort, TX",,,TX,Kendall County,,No,29.973037,-98.835584,48650,Guadalupe River,37319,357,2,4,Debris line in open field on north side of river at park,29.973037,-98.835584,7/10/2025 12:00:00 AM,1350.9,2,4,Right,,8,,1,,Surveyed with handheld GPS only; Courtesy of the Harris County Flood Control District (HCFCD) crew: Lindner/Justice/Wood,Riverine,7/10/2025 12:00:00 AM,,2,1,1,,,HCFCD_147,,,,,,,,,,,,,System.Collections.Generic.HashSet`1[STNDB.file],,,,
29.973063,-98.831463,2025 July TX Flood,Debris,Poor: +/- 0.40 ft,NAVD88,Other (Note in Description box),,Not marked,Handheld GPS,NAD83,STN Admin,STN Admin,TXKEN37320,"East of Comfort, TX",,,TX,Kendall County,,No,29.973063,-98.831463,48651,Guadalupe River,37320,357,2,4,Debris line along south bank of river in open field,29.973063,-98.831463,7/10/2025 12:00:00 AM,1352.9,2,4,Right,,8,,1,,Surveyed with handheld GPS only; Courtesy of the Harris County Flood Control District (HCFCD) crew: Lindner/Justice/Wood,Riverine,7/10/2025 12:00:00 AM,,2,1,1,,,HCFCD_148,,,,,,,,,,,,,System.Collections.Generic.HashSet`1[STNDB.file],,,,
