dataset,split_mode,split_seed,depth,weight_decay,normalize,energy_reg_lambda,architecture,seed,val_acc,test_acc,final_energy
cora,canonical,canonical,6,0,false,0.01,nbsc,0,0.4300,0.4260,4.020301
cora,canonical,canonical,6,0,false,0,nbsc,0,0.4380,0.4480,16.134346
cora,canonical,canonical,6,0,false,0.001,nbsc,0,0.3820,0.4110,14.693432
cora,canonical,canonical,6,0,false,0.1,nbsc,0,0.3760,0.3920,2.358973
cora,canonical,canonical,6,0,false,1,nbsc,0,0.2320,0.2320,1.008236
cora,canonical,canonical,6,0,true,0,nbsc,0,0.6200,0.6140,0.434174
cora,canonical,canonical,6,0,true,0.01,nbsc,0,0.6360,0.6510,0.382993
cora,canonical,canonical,2,0,false,0,nbsc,0,0.7100,0.7450,10.239665
cora,canonical,canonical,2,0,false,0.1,nbsc,0,0.6800,0.6770,0.531330
cora,canonical,canonical,4,0,true,0,nbsc,0,0.6320,0.6550,0.410197
cora,canonical,canonical,4,0,true,0.001,nbsc,0,0.6420,0.6650,0.420977
cora,canonical,canonical,4,0,true,0.01,nbsc,0,0.6680,0.6940,0.402392
cora,canonical,canonical,4,0,true,0.1,nbsc,0,0.7180,0.7180,0.271974
cora,canonical,canonical,6,0,true,0.001,nbsc,0,0.6200,0.6360,0.390406
cora,canonical,canonical,6,0,true,0.1,nbsc,0,0.5760,0.5780,0.302093
cora,canonical,canonical,8,0,true,0,nbsc,0,0.5360,0.5480,0.374367
cora,canonical,canonical,8,0,true,0.001,nbsc,0,0.6060,0.5810,0.372564
cora,canonical,canonical,8,0,true,0.01,nbsc,0,0.5320,0.5530,0.397872
cora,canonical,canonical,8,0,true,0.1,nbsc,0,0.5760,0.5850,0.268874
cora,canonical,canonical,4,0,true,0,nbsc,0,0.6320,0.6550,0.410197
cora,canonical,canonical,6,0,true,0,nbsc,0,0.5960,0.5990,0.437185
cora,canonical,canonical,6,0,true,0,nbsc,1,0.5000,0.5220,0.327903
cora,canonical,canonical,4,0,true,0,nbsc,0,0.6340,0.6540,0.419025
cora,canonical,canonical,4,0,true,0,nbsc,1,0.6020,0.5800,0.386033
cora,canonical,canonical,4,0,true,0.001,nbsc,0,0.6360,0.6660,0.409884
cora,canonical,canonical,4,0,true,0.001,nbsc,1,0.6080,0.5820,0.380582
cora,canonical,canonical,4,0,true,0.01,nbsc,0,0.6620,0.6780,0.405393
cora,canonical,canonical,4,0,true,0.01,nbsc,1,0.6280,0.5920,0.373816
cora,canonical,canonical,4,0,true,0.1,nbsc,0,0.6940,0.6970,0.306006
cora,canonical,canonical,4,0,true,0.1,nbsc,1,0.6440,0.6250,0.307595
cora,canonical,canonical,6,0,true,0.001,nbsc,0,0.6020,0.6390,0.414925
cora,canonical,canonical,6,0,true,0.001,nbsc,1,0.4900,0.5400,0.315358
cora,canonical,canonical,6,0,true,0.01,nbsc,0,0.5720,0.5930,0.395985
cora,canonical,canonical,6,0,true,0.01,nbsc,1,0.4800,0.5090,0.318558
cora,canonical,canonical,6,0,true,0.1,nbsc,0,0.5440,0.5860,0.325058
cora,canonical,canonical,6,0,true,0.1,nbsc,1,0.5400,0.5640,0.258298
cora,canonical,canonical,8,0,true,0,nbsc,0,0.4420,0.4420,0.329531
cora,canonical,canonical,8,0,true,0,nbsc,1,0.3540,0.3530,0.533111
cora,canonical,canonical,8,0,true,0,nbsc,0,0.4960,0.5030,0.378154
cora,canonical,canonical,8,0,true,0,nbsc,1,0.4400,0.4300,0.484539
cora,canonical,canonical,8,0,true,0.001,nbsc,0,0.4860,0.4730,0.397009
cora,canonical,canonical,8,0,true,0.01,nbsc,0,0.4900,0.4770,0.377923
cora,canonical,canonical,8,0,true,0.1,nbsc,0,0.5620,0.5520,0.274223
